{
  "vrmMetaVersion": "0",
  "pose": {
    "hips": {
      "position": [
        0.01768808811903,
        0.3872845768928528,
        0.08078070729970932
      ],
      "rotation": [
        -0.6783660650253296,
        0.003666075412184,
        0.1470620036125183,
        0.7198464274406433
      ]
    },
    "spine": {
      "position": [
        -5.764622e-32,
        0.05709782,
        0.00532572158
      ],
      "rotation": [
        0.05000578984618187,
        0.023937279358506203,
        -0.06234655901789665,
        0.9965137243270874
      ]
    },
    "chest": {
      "position": [
        1.95257e-17,
        0.106512144,
        -0.0127132786
      ],
      "rotation": [
        0.029970062896609306,
        0.03910939395427704,
        -0.005002306308597326,
        0.9987730979919434
      ]
    },
    "upperChest": {
      "position": [
        0.0,
        0.0,
        0.0
      ],
      "rotation": [
        0.0,
        0.0,
        0.0,
        1.0
      ]
    },
    "neck": {
      "position": [
        -8.844927e-17,
        0.124557033,
        0.00698040752
      ],
      "rotation": [
        0.5400407910346985,
        -0.02093620039522648,
        0.050031986087560654,
        0.8398897647857666
      ]
    },
    "head": {
      "position": [
        -2.29384263e-08,
        0.07178691,
        0.0003720969
      ],
      "rotation": [
        -0.08792679756879807,
        -0.08777476102113724,
        0.05235932767391205,
        0.9908700585365295
      ]
    },
    "leftEye": {
      "position": [
        0.0,
        0.0,
        0.0
      ],
      "rotation": [
        0.0,
        0.0,
        0.0,
        1.0
      ]
    },
    "rightEye": {
      "position": [
        0.0,
        0.0,
        0.0
      ],
      "rotation": [
        0.0,
        0.0,
        0.0,
        1.0
      ]
    },
    "leftUpperLeg": {
      "position": [
        0.06946878,
        -0.03615541,
        0.0012374334
      ],
      "rotation": [
        -0.5999277830123901,
        0.1494150161743164,
        0.36791425943374634,
        0.6945510506629944
      ]
    },
    "leftLowerLeg": {
      "position": [
        -1.49011612e-08,
        -0.364862382,
        -5.699694e-07
      ],
      "rotation": [
        0.24949750304222107,
        0.012215730734169483,
        -0.013392630033195019,
        0.968205988407135
      ]
    },
    "leftFoot": {
      "position": [
        -0.000110670924,
        -0.409190476,
        0.00244229659
      ],
      "rotation": [
        0.40729185938835144,
        -0.028073569759726524,
        -0.2639825940132141,
        0.873864471912384
      ]
    },
    "leftToes": {
      "position": [
        0.0,
        -0.0533945672,
        0.09493692
      ],
      "rotation": [
        -0.00255229021422565,
        -1.7304010668794945e-08,
        1.8814612090523042e-08,
        0.999997079372406
      ]
    },
    "rightUpperLeg": {
      "position": [
        -0.06946878,
        -0.03615541,
        0.0012374334
      ],
      "rotation": [
        -0.4008854329586029,
        -0.0056753456592559814,
        -0.24972054362297058,
        0.8814183473587036
      ]
    },
    "rightLowerLeg": {
      "position": [
        1.49011612e-08,
        -0.364862382,
        -5.699694e-07
      ],
      "rotation": [
        0.10740645974874496,
        -0.08219461143016815,
        -0.024480696767568588,
        0.9905092716217041
      ]
    },
    "rightFoot": {
      "position": [
        0.000110670924,
        -0.409190476,
        0.00244229659
      ],
      "rotation": [
        0.5465298891067505,
        -0.12732796370983124,
        0.13130024075508118,
        0.8172229528427124
      ]
    },
    "rightToes": {
      "position": [
        0.0,
        -0.0533945672,
        0.09493692
      ],
      "rotation": [
        -0.09126956015825272,
        6.815401576432123e-09,
        -1.0423232943423955e-08,
        0.9958266019821167
      ]
    },
    "leftShoulder": {
      "position": [
        0.0201640911,
        0.09930704,
        0.00615278
      ],
      "rotation": [
        0.14347392320632935,
        -0.0327327586710453,
        -0.1323021799325943,
        0.9802246689796448
      ]
    },
    "leftUpperArm": {
      "position": [
        0.06088206,
        -5.09776874e-05,
        6.752089e-08
      ],
      "rotation": [
        0.30629754066467285,
        0.49518293142318726,
        -0.5858110189437866,
        0.5637390613555908
      ]
    },
    "leftLowerArm": {
      "position": [
        0.253600717,
        2.31608283e-07,
        2.942727e-09
      ],
      "rotation": [
        -0.34776487946510315,
        -0.355180561542511,
        -0.05955309420824051,
        0.865656316280365
      ]
    },
    "leftHand": {
      "position": [
        0.2266365,
        -1.04424537e-07,
        1.43706275e-05
      ],
      "rotation": [
        -0.27094870805740356,
        -0.26690027117729187,
        -0.5865151882171631,
        0.7150887846946716
      ]
    },
    "rightShoulder": {
      "position": [
        -0.0201640911,
        0.09930704,
        0.00615278
      ],
      "rotation": [
        0.14983835816383362,
        -0.03266020864248276,
        0.060871560126543045,
        0.9862945675849915
      ]
    },
    "rightUpperArm": {
      "position": [
        -0.06088206,
        -5.09776874e-05,
        6.752089e-08
      ],
      "rotation": [
        0.24660860002040863,
        -0.38773176074028015,
        0.6029028296470642,
        0.6521943211555481
      ]
    },
    "rightLowerArm": {
      "position": [
        -0.253600717,
        2.31608283e-07,
        2.942727e-09
      ],
      "rotation": [
        -0.2591679096221924,
        0.35226258635520935,
        -0.018208367750048637,
        0.8991177678108215
      ]
    },
    "rightHand": {
      "position": [
        -0.2266365,
        -1.04424537e-07,
        1.43706275e-05
      ],
      "rotation": [
        -0.19530713558197021,
        0.15124613046646118,
        0.18869076669216156,
        0.9504611492156982
      ]
    },
    "leftThumbMetacarpal": {
      "position": [
        0.00292631984,
        -0.008359951,
        0.0133340014
      ],
      "rotation": [
        0.6756203770637512,
        0.2312290221452713,
        -0.07467740029096603,
        0.6960561871528625
      ]
    },
    "leftThumbProximal": {
      "position": [
        0.0387900621,
        0.000113647431,
        -6.54347241e-06
      ],
      "rotation": [
        -0.025559967383742332,
        0.039129141718149185,
        0.08434561640024185,
        0.9953402876853943
      ]
    },
    "leftThumbDistal": {
      "position": [
        0.0238538384,
        6.887985e-05,
        -4.331592e-06
      ],
      "rotation": [
        -0.02842874452471733,
        -0.02264583297073841,
        -0.03458081930875778,
        0.9987413287162781
      ]
    },
    "leftIndexProximal": {
      "position": [
        0.0543731749,
        0.00616452657,
        0.0164190568
      ],
      "rotation": [
        0.009325090795755386,
        -0.0734018012881279,
        -0.22455383837223053,
        0.9716488718986511
      ]
    },
    "leftIndexIntermediate": {
      "position": [
        0.027624039,
        -5.92339831e-08,
        -3.638879e-06
      ],
      "rotation": [
        0.011382061056792736,
        -0.023381825536489487,
        -0.18695512413978577,
        0.982024610042572
      ]
    },
    "leftIndexDistal": {
      "position": [
        0.01700817,
        -2.90103435e-06,
        -3.87871e-06
      ],
      "rotation": [
        0.013010820373892784,
        -0.03767746686935425,
        -0.19107919931411743,
        0.9807654619216919
      ]
    },
    "leftMiddleProximal": {
      "position": [
        0.0551137626,
        0.006164579,
        0.00170985435
      ],