{
  "vrmMetaVersion": "0",
  "pose": {
    "hips": {
      "position": [
        0.22668424248695374,
        0.8846155405044556,
        0.11560504138469696
      ],
      "rotation": [
        0.2264595478773117,
        0.7102317214012146,
        -0.38299986720085144,
        -0.5455256104469299
      ]
    },
    "spine": {
      "position": [
        -5.764622e-32,
        0.05709782,
        0.00532572158
      ],
      "rotation": [
        0.0911446362733841,
        0.0054906196892261505,
        0.05160124599933624,
        0.9944849014282227
      ]
    },
    "chest": {
      "position": [
        1.95257e-17,
        0.106512144,
        -0.0127132786
      ],
      "rotation": [
        0.05898824334144592,
        0.17344282567501068,
        -0.10026350617408752,
        0.9779497981071472
      ]
    },
    "upperChest": {
      "position": [
        0.0,
        0.0,
        0.0
      ],
      "rotation": [
        0.0,
        0.0,
        0.0,
        1.0
      ]
    },
    "neck": {
      "position": [
        -8.844927e-17,
        0.124557033,
        0.00698040752
      ],
      "rotation": [
        0.3698998987674713,
        0.11319636553525925,
        -0.291853129863739,
        0.8747474551200867
      ]
    },
    "head": {
      "position": [
        -2.29384263e-08,
        0.07178691,
        0.0003720969
      ],
      "rotation": [
        -0.23590439558029175,
        0.30190736055374146,
        -0.24244627356529236,
        0.8913034796714783
      ]
    },
    "leftEye": {
      "position": [
        0.0,
        0.0,
        0.0
      ],
      "rotation": [
        0.0,
        0.0,
        0.0,
        1.0
      ]
    },
    "rightEye": {
      "position": [
        0.0,
        0.0,
        0.0
      ],
      "rotation": [
        0.0,
        0.0,
        0.0,
        1.0
      ]
    },
    "leftUpperLeg": {
      "position": [
        0.06946878,
        -0.03615541,
        0.0012374334
      ],
      "rotation": [
        -0.8077392578125,
        0.11570518463850021,
        0.24428877234458923,
        0.5239205360412598
      ]
    },
    "leftLowerLeg": {
      "position": [
        -1.49011612e-08,
        -0.364862382,
        -5.699694e-07
      ],
      "rotation": [
        0.8017301559448242,
        -0.01338574942201376,
        -0.0917927548289299,
        0.5904437303543091
      ]
    },
    "leftFoot": {
      "position": [
        -0.000110670924,
        -0.409190476,
        0.00244229659
      ],
      "rotation": [
        0.12705154716968536,
        -0.0683026909828186,
        -0.013863069005310535,
        0.9894446730613708
      ]
    },
    "leftToes": {
      "position": [
        0.0,
        -0.0533945672,
        0.09493692
      ],
      "rotation": [
        -0.02156168594956398,
        -1.301088214944457e-08,
        -7.644569421927372e-09,
        0.9997676610946655
      ]
    },
    "rightUpperLeg": {
      "position": [
        -0.06946878,
        -0.03615541,
        0.0012374334
      ],
      "rotation": [
        -0.5281414985656738,
        -0.1989724338054657,
        -0.29740387201309204,
        0.770082950592041
      ]
    },
    "rightLowerLeg": {
      "position": [
        1.49011612e-08,
        -0.364862382,
        -5.699694e-07
      ],
      "rotation": [
        0.2428978532552719,
        -0.36444753408432007,
        -0.039869580417871475,
        0.8981032371520996
      ]
    },
    "rightFoot": {
      "position": [
        0.000110670924,
        -0.409190476,
        0.00244229659
      ],
      "rotation": [
        0.030609745532274246,
        -0.27145448327064514,
        0.049882568418979645,
        0.9606704711914062
      ]
    },
    "rightToes": {
      "position": [
        0.0,
        -0.0533945672,
        0.09493692
      ],
      "rotation": [
        -0.11670945584774017,
        -2.7294117188603195e-08,
        -3.6733531771915295e-08,
        0.993166446685791
      ]
    },
    "leftShoulder": {
      "position": [
        0.0201640911,
        0.09930704,
        0.00615278
      ],
      "rotation": [
        0.16044336557388306,
        0.2694588303565979,
        -0.08523112535476685,
        0.9457197785377502
      ]
    },
    "leftUpperArm": {
      "position": [
        0.06088206,
        -5.09776874e-05,
        6.752089e-08
      ],
      "rotation": [
        -0.0807739719748497,
        -0.2259371429681778,
        -0.19132724404335022,
        0.9517471790313721
      ]
    },
    "leftLowerArm": {
      "position": [
        0.253600717,
        2.31608283e-07,
        2.942727e-09
      ],
      "rotation": [
        -0.10434991866350174,
        -0.538494884967804,
        0.141424760222435,
        0.8240960836410522
      ]
    },
    "leftHand": {
      "position": [
        0.2266365,
        -1.04424537e-07,
        1.43706275e-05
      ],
      "rotation": [
        -0.022574948146939278,
        -0.12274214625358582,
        0.018541360273957253,
        0.9920090436935425
      ]
    },
    "rightShoulder": {
      "position": [
        -0.0201640911,
        0.09930704,
        0.00615278
      ],
      "rotation": [
        0.14702032506465912,
        0.01941106654703617,
        0.012070154771208763,
        0.988869845867157
      ]
    },
    "rightUpperArm": {
      "position": [
        -0.06088206,
        -5.09776874e-05,
        6.752089e-08
      ],
      "rotation": [
        -0.12474912405014038,
        0.1446343958377838,
        0.014643981121480465,
        0.9814813137054443
      ]
    },
    "rightLowerArm": {
      "position": [
        -0.253600717,
        2.31608283e-07,
        2.942727e-09
      ],
      "rotation": [
        -0.11828923225402832,
        0.5930263996124268,
        -0.15395240485668182,
        0.7814266681671143
      ]
    },
    "rightHand": {
      "position": [
        -0.2266365,
        -1.04424537e-07,
        1.43706275e-05
      ],
      "rotation": [
        -0.036163777112960815,
        -0.06255321949720383,
        0.058059755712747574,
        0.9956957101821899
      ]
    },
    "leftThumbMetacarpal": {
      "position": [
        0.00292631984,
        -0.008359951,
        0.0133340014
      ],
      "rotation": [
        0.7323108315467834,
        -0.35368290543556213,
        0.06385241448879242,
        0.5784058570861816
      ]
    },
    "leftThumbProximal": {
      "position": [
        0.0387900621,
        0.000113647431,
        -6.54347241e-06
      ],
      "rotation": [
        -0.03014017827808857,
        -0.07747738808393478,
        -0.3237636089324951,
        0.9424793720245361
      ]
    },
    "leftThumbDistal": {
      "position": [
        0.0238538384,
        6.887985e-05,
        -4.331592e-06
      ],
      "rotation": [
        -0.032905884087085724,
        -0.09079853445291519,
        -0.2766059637069702,
        0.9561188220977783
      ]
    },
    "leftIndexProximal": {
      "position": [
        0.0543731749,
        0.00616452657,
        0.0164190568
      ],
      "rotation": [
        0.06767965108156204,
        -0.035620834678411484,
        -0.6221700310707092,
        0.7791383862495422
      ]
    },
    "leftIndexIntermediate": {
      "position": [
        0.027624039,
        -5.92339831e-08,
        -3.638879e-06
      ],
      "rotation": [
        0.004536498803645372,
        -0.10360805690288544,
        -0.6642363667488098,
        0.7402949929237366
      ]
    },
    "leftIndexDistal": {
      "position": [
        0.01700817,
        -2.90103435e-06,
        -3.87871e-06
      ],
      "rotation": [
        0.012428716756403446,
        -0.07677439600229263,
        -0.4319346845149994,
        0.8985460996627808
      ]
    },
    "leftMiddleProximal": {
      "position": [
        0.0551137626,
        0.006164579,
        0.00170985435
      ],