{
  "vrmMetaVersion": "0",
  "pose": {
    "hips": {
      "position": [
        0.01822364330291748,
        0.6812650561332703,
        -0.0771029070019722
      ],
      "rotation": [
        -0.04531996697187424,
        -0.19149166345596313,
        -0.11028052121400833,
        0.9742255210876465
      ]
    },
    "spine": {
      "position": [
        -5.764622e-32,
        0.05709782,
        0.00532572158
      ],
      "rotation": [
        0.13526007533073425,
        -0.1612681895494461,
        -0.014253852888941765,
        0.9774938821792603
      ]
    },
    "chest": {
      "position": [
        1.95257e-17,
        0.106512144,
        -0.0127132786
      ],
      "rotation": [
        0.2182474136352539,
        -0.3052704334259033,
        -0.020586825907230377,
        0.9266900420188904
      ]
    },
    "upperChest": {
      "position": [
        0.0,
        0.0,
        0.0
      ],
      "rotation": [
        0.0,
        0.0,
        0.0,
        1.0
      ]
    },
    "neck": {
      "position": [
        -8.844927e-17,
        0.124557033,
        0.00698040752
      ],
      "rotation": [
        0.22435469925403595,
        -0.01842762716114521,
        0.060807548463344574,
        0.9724341034889221
      ]
    },
    "head": {
      "position": [
        -2.29384263e-08,
        0.07178691,
        0.0003720969
      ],
      "rotation": [
        -0.17858916521072388,
        0.3435779809951782,
        -0.21114149689674377,
        0.8974852561950684
      ]
    },
    "leftEye": {
      "position": [
        0.0,
        0.0,
        0.0
      ],
      "rotation": [
        0.0,
        0.0,
        0.0,
        1.0
      ]
    },
    "rightEye": {
      "position": [
        0.0,
        0.0,
        0.0
      ],
      "rotation": [
        0.0,
        0.0,
        0.0,
        1.0
      ]
    },
    "leftUpperLeg": {
      "position": [
        0.06946878,
        -0.03615541,
        0.0012374334
      ],
      "rotation": [
        -0.12614619731903076,
        0.055749520659446716,
        0.1561901569366455,
        0.9780511856079102
      ]
    },
    "leftLowerLeg": {
      "position": [
        -1.49011612e-08,
        -0.364862382,
        -5.699694e-07
      ],
      "rotation": [
        0.6896811723709106,
        0.026092736050486565,
        0.017884118482470512,
        0.7234222888946533
      ]
    },
    "leftFoot": {
      "position": [
        -0.000110670924,
        -0.409190476,
        0.00244229659
      ],
      "rotation": [
        -0.5216352939605713,
        0.02090124972164631,
        -0.13201512396335602,
        0.8426343202590942
      ]
    },
    "leftToes": {
      "position": [
        0.0,
        -0.0533945672,
        0.09493692
      ],
      "rotation": [
        -0.0677764043211937,
        -1.2646237390612214e-09,
        8.448107990943754e-09,
        0.9977009892463684
      ]
    },
    "rightUpperLeg": {
      "position": [
        -0.06946878,
        -0.03615541,
        0.0012374334
      ],
      "rotation": [
        -0.4182335138320923,
        0.069183848798275,
        0.045354437083005905,
        0.9045649170875549
      ]
    },
    "rightLowerLeg": {
      "position": [
        1.49011612e-08,
        -0.364862382,
        -5.699694e-07
      ],
      "rotation": [
        0.11807435750961304,
        0.03549936041235924,
        -0.008122248575091362,
        0.9923369884490967
      ]
    },
    "rightFoot": {
      "position": [
        0.000110670924,
        -0.409190476,
        0.00244229659
      ],
      "rotation": [
        0.28998613357543945,
        -0.012508847750723362,
        0.09016066789627075,
        0.9526926279067993
      ]
    },
    "rightToes": {
      "position": [
        0.0,
        -0.0533945672,
        0.09493692
      ],
      "rotation": [
        0.002166312886402011,
        -1.69792890858389e-08,
        1.2815231542617767e-08,
        0.999998152256012
      ]
    },
    "leftShoulder": {
      "position": [
        0.0201640911,
        0.09930704,
        0.00615278
      ],
      "rotation": [
        0.14745236933231354,
        -0.0023452560417354107,
        0.20159085094928741,
        0.9683046340942383
      ]
    },
    "leftUpperArm": {
      "position": [
        0.06088206,
        -5.09776874e-05,
        6.752089e-08
      ],
      "rotation": [
        -0.3397216200828552,
        -0.08903878927230835,
        -0.18193699419498444,
        0.9184556007385254
      ]
    },
    "leftLowerArm": {
      "position": [
        0.253600717,
        2.31608283e-07,
        2.942727e-09
      ],
      "rotation": [
        -0.4024989604949951,
        -0.20750920474529266,
        0.11851847916841507,
        0.8836789131164551
      ]
    },
    "leftHand": {
      "position": [
        0.2266365,
        -1.04424537e-07,
        1.43706275e-05
      ],
      "rotation": [
        -0.04225308448076248,
        -0.0196022130548954,
        0.086453877389431,
        0.9951667189598083
      ]
    },
    "rightShoulder": {
      "position": [
        -0.0201640911,
        0.09930704,
        0.00615278
      ],
      "rotation": [
        0.1573886275291443,
        -0.14815586805343628,
        -0.011624185368418694,
        0.9762908816337585
      ]
    },
    "rightUpperArm": {
      "position": [
        -0.06088206,
        -5.09776874e-05,
        6.752089e-08
      ],
      "rotation": [
        0.09907661378383636,
        -0.039148230105638504,
        0.20795218646526337,
        0.9723206758499146
      ]
    },
    "rightLowerArm": {
      "position": [
        -0.253600717,
        2.31608283e-07,
        2.942727e-09
      ],
      "rotation": [
        -0.22138912975788116,
        0.5993309020996094,
        0.06438232958316803,
        0.7665801644325256
      ]
    },
    "rightHand": {
      "position": [
        -0.2266365,
        -1.04424537e-07,
        1.43706275e-05
      ],
      "rotation": [
        -0.2767488956451416,
        -0.021375011652708054,
        -0.111196368932724,
        0.954248309135437
      ]
    },
    "leftThumbMetacarpal": {
      "position": [
        0.00292631984,
        -0.008359951,
        0.0133340014
      ],
      "rotation": [
        0.6723567247390747,
        -0.47004976868629456,
        0.17873962223529816,
        0.5431780815124512
      ]
    },
    "leftThumbProximal": {
      "position": [
        0.0387900621,
        0.000113647431,
        -6.54347241e-06
      ],
      "rotation": [
        -0.030117712914943695,
        -0.0761529952287674,
        -0.31918615102767944,
        0.944147527217865
      ]
    },
    "leftThumbDistal": {
      "position": [
        0.0238538384,
        6.887985e-05,
        -4.331592e-06
      ],
      "rotation": [
        -0.023032905533909798,
        0.037836089730262756,
        0.1777825504541397,
        0.9830730557441711
      ]
    },
    "leftIndexProximal": {
      "position": [
        0.0543731749,
        0.00616452657,
        0.0164190568
      ],
      "rotation": [
        0.016371503472328186,
        -0.0013527097180485725,
        -0.11537298560142517,
        0.993186891078949
      ]
    },
    "leftIndexIntermediate": {
      "position": [
        0.027624039,
        -5.92339831e-08,
        -3.638879e-06
      ],
      "rotation": [
        0.005630902014672756,
        -0.0937046930193901,
        -0.6062104105949402,
        0.7897451519966125
      ]
    },
    "leftIndexDistal": {
      "position": [
        0.01700817,
        -2.90103435e-06,
        -3.87871e-06
      ],
      "rotation": [
        0.012498578056693077,
        -0.07410970330238342,
        -0.41542625427246094,
        0.9065172076225281
      ]
    },
    "leftMiddleProximal": {
      "position": [
        0.0551137626,
        0.006164579,
        0.00170985435
      ],