{
  "vrmMetaVersion": "0",
  "pose": {
    "hips": {
      "position": [
        0.13574440777301788,
        0.9501175284385681,
        0.25530895590782166
      ],
      "rotation": [
        -0.06945637613534927,
        0.667156994342804,
        -0.46618130803108215,
        0.5768470168113708
      ]
    },
    "spine": {
      "position": [
        -5.764622e-32,
        0.05709782,
        0.00532572158
      ],
      "rotation": [
        0.0034636110067367554,
        -0.06267049908638,
        0.003365426557138562,
        0.998022735118866
      ]
    },
    "chest": {
      "position": [
        1.95257e-17,
        0.106512144,
        -0.0127132786
      ],
      "rotation": [
        -0.06380444765090942,
        -0.13281205296516418,
        0.09332145750522614,
        0.9846733212471008
      ]
    },
    "upperChest": {
      "position": [
        0.0,
        0.0,
        0.0
      ],
      "rotation": [
        0.0,
        0.0,
        0.0,
        1.0
      ]
    },
    "neck": {
      "position": [
        -8.844927e-17,
        0.124557033,
        0.00698040752
      ],
      "rotation": [
        0.24973133206367493,
        -0.029324539005756378,
        -0.009707977995276451,
        0.9678226709365845
      ]
    },
    "head": {
      "position": [
        -2.29384263e-08,
        0.07178691,
        0.0003720969
      ],
      "rotation": [
        -0.039090268313884735,
        -0.20621944963932037,
        0.31591248512268066,
        0.925281286239624
      ]
    },
    "leftEye": {
      "position": [
        0.0,
        0.0,
        0.0
      ],
      "rotation": [
        0.0,
        0.0,
        0.0,
        1.0
      ]
    },
    "rightEye": {
      "position": [
        0.0,
        0.0,
        0.0
      ],
      "rotation": [
        0.0,
        0.0,
        0.0,
        1.0
      ]
    },
    "leftUpperLeg": {
      "position": [
        0.06946878,
        -0.03615541,
        0.0012374334
      ],
      "rotation": [
        -0.4511486887931824,
        0.03172304481267929,
        0.23120613396167755,
        0.8613956570625305
      ]
    },
    "leftLowerLeg": {
      "position": [
        -1.49011612e-08,
        -0.364862382,
        -5.699694e-07
      ],
      "rotation": [
        -0.07942492514848709,
        -0.08209604769945145,
        8.213092951336876e-05,
        0.9934547543525696
      ]
    },
    "leftFoot": {
      "position": [
        -0.000110670924,
        -0.409190476,
        0.00244229659
      ],
      "rotation": [
        0.25128260254859924,
        -0.038148172199726105,
        0.011781224049627781,
        0.967090368270874
      ]
    },
    "leftToes": {
      "position": [
        0.0,
        -0.0533945672,
        0.09493692
      ],
      "rotation": [
        -0.02494833990931511,
        -4.047685742136764e-09,
        -3.8431666737892556e-09,
        0.9996891021728516
      ]
    },
    "rightUpperLeg": {
      "position": [
        -0.06946878,
        -0.03615541,
        0.0012374334
      ],
      "rotation": [
        -0.6495711207389832,
        -0.07780685275793076,
        -0.26909130811691284,
        0.7068195343017578
      ]
    },
    "rightLowerLeg": {
      "position": [
        1.49011612e-08,
        -0.364862382,
        -5.699694e-07
      ],
      "rotation": [
        0.5467891097068787,
        0.052805762737989426,
        0.022630082443356514,
        0.8352974057197571
      ]
    },
    "rightFoot": {
      "position": [
        0.000110670924,
        -0.409190476,
        0.00244229659
      ],
      "rotation": [
        0.4242781400680542,
        0.05231049656867981,
        0.13005714118480682,
        0.8946158289909363
      ]
    },
    "rightToes": {
      "position": [
        0.0,
        -0.0533945672,
        0.09493692
      ],
      "rotation": [
        0.13758431375026703,
        -1.7022525611309902e-08,
        -4.259817387719522e-09,
        0.9904903769493103
      ]
    },
    "leftShoulder": {
      "position": [
        0.0201640911,
        0.09930704,
        0.00615278
      ],
      "rotation": [
        0.13785752654075623,
        -0.12548087537288666,
        -0.050247061997652054,
        0.981186032295227
      ]
    },
    "leftUpperArm": {
      "position": [
        0.06088206,
        -5.09776874e-05,
        6.752089e-08
      ],
      "rotation": [
        -0.003710774704813957,
        -0.734360933303833,
        -0.011177062056958675,
        0.6786577105522156
      ]
    },
    "leftLowerArm": {
      "position": [
        0.253600717,
        2.31608283e-07,
        2.942727e-09
      ],
      "rotation": [
        0.35622355341911316,
        -0.48225024342536926,
        0.1365973800420761,
        0.7885944843292236
      ]
    },
    "leftHand": {
      "position": [
        0.2266365,
        -1.04424537e-07,
        1.43706275e-05
      ],
      "rotation": [
        0.2457726150751114,
        0.003953577950596809,
        0.31487420201301575,
        0.9167525172233582
      ]
    },
    "rightShoulder": {
      "position": [
        -0.0201640911,
        0.09930704,
        0.00615278
      ],
      "rotation": [
        0.1473667025566101,
        -0.12027924507856369,
        0.2723575830459595,
        0.9432061910629272
      ]
    },
    "rightUpperArm": {
      "position": [
        -0.06088206,
        -5.09776874e-05,
        6.752089e-08
      ],
      "rotation": [
        0.1271628588438034,
        -0.039182525128126144,
        0.3415401875972748,
        0.9304006099700928
      ]
    },
    "rightLowerArm": {
      "position": [
        -0.253600717,
        2.31608283e-07,
        2.942727e-09
      ],
      "rotation": [
        0.10490865260362625,
        0.2205265462398529,
        -0.07059736549854279,
        0.9671498537063599
      ]
    },
    "rightHand": {
      "position": [
        -0.2266365,
        -1.04424537e-07,
        1.43706275e-05
      ],
      "rotation": [
        0.11439000070095062,
        -0.312660813331604,
        -0.005134851671755314,
        0.9429381489753723
      ]
    },
    "leftThumbMetacarpal": {
      "position": [
        0.00292631984,
        -0.008359951,
        0.0133340014
      ],
      "rotation": [
        0.7107416391372681,
        -0.30610227584838867,
        0.12829655408859253,
        0.6202324628829956
      ]
    },
    "leftThumbProximal": {
      "position": [
        0.0387900621,
        0.000113647431,
        -6.54347241e-06
      ],
      "rotation": [
        -0.02734490856528282,
        0.006740110460668802,
        -0.030007855966687202,
        0.9991531372070312
      ]
    },
    "leftThumbDistal": {
      "position": [
        0.0238538384,
        6.887985e-05,
        -4.331592e-06
      ],
      "rotation": [
        -0.028194179758429527,
        -0.019673526287078857,
        -0.024092407897114754,
        0.999118983745575
      ]
    },
    "leftIndexProximal": {
      "position": [
        0.0543731749,
        0.00616452657,
        0.0164190568
      ],
      "rotation": [
        -0.0337558276951313,
        -0.14767247438430786,
        -0.04120589420199394,
        0.9876013994216919
      ]
    },
    "leftIndexIntermediate": {
      "position": [
        0.027624039,
        -5.92339831e-08,
        -3.638879e-06
      ],
      "rotation": [
        0.012057901360094547,
        -0.01194084994494915,
        -0.1178167313337326,
        0.9928909540176392
      ]
    },
    "leftIndexDistal": {
      "position": [
        0.01700817,
        -2.90103435e-06,
        -3.87871e-06
      ],
      "rotation": [
        0.012972918339073658,
        -0.016200358048081398,
        -0.05985352396965027,
        0.9979920387268066
      ]
    },
    "leftMiddleProximal": {
      "position": [
        0.0551137626,
        0.006164579,
        0.00170985435
      ],