{
  "vrmMetaVersion": "0",
  "pose": {
    "hips": {
      "position": [
        -0.08311440050601959,
        0.8897897005081177,
        0.1783110797405243
      ],
      "rotation": [
        -0.1673870086669922,
        0.3570321798324585,
        -0.3210010528564453,
        0.8610854148864746
      ]
    },
    "spine": {
      "position": [
        -5.764622e-32,
        0.05709782,
        0.00532572158
      ],
      "rotation": [
        -0.008987771347165108,
        0.004382424987852573,
        0.041188571602106094,
        0.999101459980011
      ]
    },
    "chest": {
      "position": [
        1.95257e-17,
        0.106512144,
        -0.0127132786
      ],
      "rotation": [
        -0.07319379597902298,
        -0.12663453817367554,
        0.1863526701927185,
        0.9715344309806824
      ]
    },
    "upperChest": {
      "position": [
        0.0,
        0.0,
        0.0
      ],
      "rotation": [
        0.0,
        0.0,
        0.0,
        1.0
      ]
    },
    "neck": {
      "position": [
        -8.844927e-17,
        0.124557033,
        0.00698040752
      ],
      "rotation": [
        0.37204262614250183,
        -0.09466394782066345,
        0.044606421142816544,
        0.922298014163971
      ]
    },
    "head": {
      "position": [
        -2.29384263e-08,
        0.07178691,
        0.0003720969
      ],
      "rotation": [
        -0.06384585052728653,
        -0.10390663146972656,
        0.17661026120185852,
        0.9766966700553894
      ]
    },
    "leftEye": {
      "position": [
        0.0,
        0.0,
        0.0
      ],
      "rotation": [
        0.0,
        0.0,
        0.0,
        1.0
      ]
    },
    "rightEye": {
      "position": [
        0.0,
        0.0,
        0.0
      ],
      "rotation": [
        0.0,
        0.0,
        0.0,
        1.0
      ]
    },
    "leftUpperLeg": {
      "position": [
        0.06946878,
        -0.03615541,
        0.0012374334
      ],
      "rotation": [
        -0.2494528889656067,
        0.15670102834701538,
        0.43713247776031494,
        0.8497845530509949
      ]
    },
    "leftLowerLeg": {
      "position": [
        -1.49011612e-08,
        -0.364862382,
        -5.699694e-07
      ],
      "rotation": [
        0.21417100727558136,
        0.047378260642290115,
        0.0035443801898509264,
        0.9756403565406799
      ]
    },
    "leftFoot": {
      "position": [
        -0.000110670924,
        -0.409190476,
        0.00244229659
      ],
      "rotation": [
        -0.0012713681207969785,
        0.03076157346367836,
        -0.05284063518047333,
        0.9981284737586975
      ]
    },
    "leftToes": {
      "position": [
        0.0,
        -0.0533945672,
        0.09493692
      ],
      "rotation": [
        -0.02667975425720215,
        -2.372764484892542e-10,
        -2.0076223350429245e-08,
        0.9996443390846252
      ]
    },
    "rightUpperLeg": {
      "position": [
        -0.06946878,
        -0.03615541,
        0.0012374334
      ],
      "rotation": [
        -0.11822644621133804,
        -0.0681767389178276,
        -0.15354681015014648,
        0.978671669960022
      ]
    },
    "rightLowerLeg": {
      "position": [
        1.49011612e-08,
        -0.364862382,
        -5.699694e-07
      ],
      "rotation": [
        0.8102615475654602,
        0.019859205931425095,
        0.056218601763248444,
        0.5830281972885132
      ]
    },
    "rightFoot": {
      "position": [
        0.000110670924,
        -0.409190476,
        0.00244229659
      ],
      "rotation": [
        -0.03490353003144264,
        0.04894950985908508,
        -0.06503242254257202,
        0.9960708618164062
      ]
    },
    "rightToes": {
      "position": [
        0.0,
        -0.0533945672,
        0.09493692
      ],
      "rotation": [
        -0.03524992987513542,
        4.4654946407263196e-08,
        4.002349385245907e-08,
        0.9993789196014404
      ]
    },
    "leftShoulder": {
      "position": [
        0.0201640911,
        0.09930704,
        0.00615278
      ],
      "rotation": [
        0.1419772356748581,
        -0.08803732693195343,
        0.01961175724864006,
        0.985752284526825
      ]
    },
    "leftUpperArm": {
      "position": [
        0.06088206,
        -5.09776874e-05,
        6.752089e-08
      ],
      "rotation": [
        0.03330029174685478,
        -0.28691157698631287,
        -0.4508712589740753,
        0.8445640802383423
      ]
    },
    "leftLowerArm": {
      "position": [
        0.253600717,
        2.31608283e-07,
        2.942727e-09
      ],
      "rotation": [
        -0.11942827701568604,
        -0.6751497387886047,
        0.0902981087565422,
        0.7223272919654846
      ]
    },
    "leftHand": {
      "position": [
        0.2266365,
        -1.04424537e-07,
        1.43706275e-05
      ],
      "rotation": [
        -0.10304123163223267,
        0.0889565497636795,
        -0.0034144821111112833,
        0.9906858205795288
      ]
    },
    "rightShoulder": {
      "position": [
        -0.0201640911,
        0.09930704,
        0.00615278
      ],
      "rotation": [
        0.1535780429840088,
        -0.09909619390964508,
        0.07342637330293655,
        0.9804093837738037
      ]
    },
    "rightUpperArm": {
      "position": [
        -0.06088206,
        -5.09776874e-05,
        6.752089e-08
      ],
      "rotation": [
        -0.01007385365664959,
        0.33823636174201965,
        0.008654170669615269,
        0.9409677386283875
      ]
    },
    "rightLowerArm": {
      "position": [
        -0.253600717,
        2.31608283e-07,
        2.942727e-09
      ],
      "rotation": [
        0.005970438942313194,
        0.5161550641059875,
        -0.05024666339159012,
        0.8549994826316833
      ]
    },
    "rightHand": {
      "position": [
        -0.2266365,
        -1.04424537e-07,
        1.43706275e-05
      ],
      "rotation": [
        -0.03603364899754524,
        -0.06258663535118103,
        0.05822020396590233,
        0.9956884384155273
      ]
    },
    "leftThumbMetacarpal": {
      "position": [
        0.00292631984,
        -0.008359951,
        0.0133340014
      ],
      "rotation": [
        0.7323104739189148,
        -0.35368332266807556,
        0.06385288387537003,
        0.5784057974815369
      ]
    },
    "leftThumbProximal": {
      "position": [
        0.0387900621,
        0.000113647431,
        -6.54347241e-06
      ],
      "rotation": [
        -0.030140290036797523,
        -0.07747725397348404,
        -0.3237634599208832,
        0.9424792528152466
      ]
    },
    "leftThumbDistal": {
      "position": [
        0.0238538384,
        6.887985e-05,
        -4.331592e-06
      ],
      "rotation": [
        -0.03290558606386185,
        -0.09079769998788834,
        -0.27660349011421204,
        0.9561194777488708
      ]
    },
    "leftIndexProximal": {
      "position": [
        0.0543731749,
        0.00616452657,
        0.0164190568
      ],
      "rotation": [
        0.06767959147691727,
        -0.0356205590069294,
        -0.6221683621406555,
        0.7791391611099243
      ]
    },
    "leftIndexIntermediate": {
      "position": [
        0.027624039,
        -5.92339831e-08,
        -3.638879e-06
      ],
      "rotation": [
        0.004536658525466919,
        -0.10360812395811081,
        -0.6642364263534546,
        0.7402940988540649
      ]
    },
    "leftIndexDistal": {
      "position": [
        0.01700817,
        -2.90103435e-06,
        -3.87871e-06
      ],
      "rotation": [
        0.012428585439920425,
        -0.07677417248487473,
        -0.43193337321281433,
        0.8985466361045837
      ]
    },
    "leftMiddleProximal": {
      "position": [
        0.0551137626,
        0.006164579,
        0.00170985435
      ],