{
  "vrmMetaVersion": "0",
  "pose": {
    "hips": {
      "position": [
        0.0006517529836855829,
        0.8995910882949829,
        0.00980196800082922
      ],
      "rotation": [
        0.06289833039045334,
        3.715972596296524e-08,
        -2.9075120089316897e-09,
        0.9980199337005615
      ]
    },
    "spine": {
      "position": [
        -5.764622e-32,
        0.05709782,
        0.00532572158
      ],
      "rotation": [
        0.012796998955309391,
        -2.4961173688571982e-15,
        1.6664359444669614e-16,
        0.9999181032180786
      ]
    },
    "chest": {
      "position": [
        1.95257e-17,
        0.106512144,
        -0.0127132786
      ],
      "rotation": [
        -0.13622087240219116,
        7.239192494697295e-15,
        -2.6556071083198417e-17,
        0.9906784892082214
      ]
    },
    "upperChest": {
      "position": [
        0.0,
        0.0,
        0.0
      ],
      "rotation": [
        0.0,
        0.0,
        0.0,
        1.0
      ]
    },
    "neck": {
      "position": [
        -8.844927e-17,
        0.124557033,
        0.00698040752
      ],
      "rotation": [
        0.2073485255241394,
        -2.979637336864016e-08,
        5.959279736345025e-10,
        0.978267252445221
      ]
    },
    "head": {
      "position": [
        -2.29384263e-08,
        0.07178691,
        0.0003720969
      ],
      "rotation": [
        -0.0543350949883461,
        2.23517460540279e-07,
        2.980233659855003e-08,
        0.9985231757164001
      ]
    },
    "leftEye": {
      "position": [
        0.0,
        0.0,
        0.0
      ],
      "rotation": [
        0.0,
        0.0,
        0.0,
        1.0
      ]
    },
    "rightEye": {
      "position": [
        0.0,
        0.0,
        0.0
      ],
      "rotation": [
        0.0,
        0.0,
        0.0,
        1.0
      ]
    },
    "leftUpperLeg": {
      "position": [
        0.06946878,
        -0.03615541,
        0.0012374334
      ],
      "rotation": [
        -0.05244016647338867,
        -0.003214401425793767,
        -0.014214481227099895,
        0.9985176920890808
      ]
    },
    "leftLowerLeg": {
      "position": [
        -1.49011612e-08,
        -0.364862382,
        -5.699694e-07
      ],
      "rotation": [
        0.022823162376880646,
        -0.0005672233528457582,
        4.7157631342997774e-05,
        0.9997392296791077
      ]
    },
    "leftFoot": {
      "position": [
        -0.000110670924,
        -0.409190476,
        0.00244229659
      ],
      "rotation": [
        -0.030537547543644905,
        -0.002099575474858284,
        -0.0005012791370972991,
        0.999531090259552
      ]
    },
    "leftToes": {
      "position": [
        0.0,
        -0.0533945672,
        0.09493692
      ],
      "rotation": [
        0.0021666905377060175,
        7.162960224960102e-10,
        1.0166364972086228e-10,
        0.9999975562095642
      ]
    },
    "rightUpperLeg": {
      "position": [
        -0.06946878,
        -0.03615541,
        0.0012374334
      ],
      "rotation": [
        -0.05244063213467598,
        0.003214465454220772,
        0.014214642345905304,
        0.998517632484436
      ]
    },
    "rightLowerLeg": {
      "position": [
        1.49011612e-08,
        -0.364862382,
        -5.699694e-07
      ],
      "rotation": [
        0.022823506966233253,
        0.0005674322601407766,
        -4.699737473856658e-05,
        0.9997392296791077
      ]
    },
    "rightFoot": {
      "position": [
        0.000110670924,
        -0.409190476,
        0.00244229659
      ],
      "rotation": [
        -0.03053733892738819,
        0.002099770586937666,
        0.0005009993328712881,
        0.999531090259552
      ]
    },
    "rightToes": {
      "position": [
        0.0,
        -0.0533945672,
        0.09493692
      ],
      "rotation": [
        0.002166686812415719,
        6.1464666689659e-10,
        1.0475246225993828e-09,
        0.9999975562095642
      ]
    },
    "leftShoulder": {
      "position": [
        0.0201640911,
        0.09930704,
        0.00615278
      ],
      "rotation": [
        0.1481752246618271,
        0.010489271953701973,
        -0.0698309987783432,
        0.9864369630813599
      ]
    },
    "leftUpperArm": {
      "position": [
        0.06088206,
        -5.09776874e-05,
        6.752089e-08
      ],
      "rotation": [
        0.16094432771205902,
        -0.07114194333553314,
        -0.5356585383415222,
        0.8258970379829407
      ]
    },
    "leftLowerArm": {
      "position": [
        0.253600717,
        2.31608283e-07,
        2.942727e-09
      ],
      "rotation": [
        -0.017634347081184387,
        -0.019793957471847534,
        0.0037074501160532236,
        0.9996417164802551
      ]
    },
    "leftHand": {
      "position": [
        0.2266365,
        -1.04424537e-07,
        1.43706275e-05
      ],
      "rotation": [
        -0.004547894932329655,
        0.000250077253440395,
        0.0012144915526732802,
        0.9999889135360718
      ]
    },
    "rightShoulder": {
      "position": [
        -0.0201640911,
        0.09930704,
        0.00615278
      ],
      "rotation": [
        0.1481752246618271,
        -0.010489463806152344,
        0.06983084231615067,
        0.9864369630813599
      ]
    },
    "rightUpperArm": {
      "position": [
        -0.06088206,
        -5.09776874e-05,
        6.752089e-08
      ],
      "rotation": [
        0.16094541549682617,
        0.07114262133836746,
        0.5356584191322327,
        0.8258968591690063
      ]
    },
    "rightLowerArm": {
      "position": [
        -0.253600717,
        2.31608283e-07,
        2.942727e-09
      ],
      "rotation": [
        -0.017634274438023567,
        0.019793882966041565,
        -0.0037073211278766394,
        0.9996418356895447
      ]
    },
    "rightHand": {
      "position": [
        -0.2266365,
        -1.04424537e-07,
        1.43706275e-05
      ],
      "rotation": [
        -0.00454886257648468,
        -0.0002497466921340674,
        -0.0012150827096775174,
        0.9999891519546509
      ]
    },
    "leftThumbMetacarpal": {
      "position": [
        0.00292631984,
        -0.008359951,
        0.0133340014
      ],
      "rotation": [
        0.676407516002655,
        -0.2908300459384918,
        0.206520676612854,
        0.6443914175033569
      ]
    },
    "leftThumbProximal": {
      "position": [
        0.0387900621,
        0.000113647431,
        -6.54347241e-06
      ],
      "rotation": [
        -0.029609739780426025,
        -0.05298306792974472,
        -0.23887495696544647,
        0.9691519737243652
      ]
    },
    "leftThumbDistal": {
      "position": [
        0.0238538384,
        6.887985e-05,
        -4.331592e-06
      ],
      "rotation": [
        -0.02699873223900795,
        -0.005112074315547943,
        0.02721242979168892,
        0.9992523193359375
      ]
    },
    "leftIndexProximal": {
      "position": [
        0.0543731749,
        0.00616452657,
        0.0164190568
      ],
      "rotation": [
        0.004393814597278833,
        0.006422285456210375,
        0.0014321875059977174,
        0.9999687671661377
      ]
    },
    "leftIndexIntermediate": {
      "position": [
        0.027624039,
        -5.92339831e-08,
        -3.638879e-06
      ],
      "rotation": [
        0.012945756316184998,
        0.005070348270237446,
        -0.014596721157431602,
        0.9997969269752502
      ]
    },
    "leftIndexDistal": {
      "position": [
        0.01700817,
        -2.90103435e-06,
        -3.87871e-06
      ],
      "rotation": [
        0.012868539430201054,
        -0.00549923162907362,
        0.005272319540381432,
        0.9998882412910461
      ]
    },
    "leftMiddleProximal": {
      "position": [
        0.0551137626,
        0.006164579,
        0.00170985435
      ],