{
  "vrmMetaVersion": "0",
  "pose": {
    "hips": {
      "position": [
        0.08412299305200577,
        0.7724730968475342,
        0.0833093449473381
      ],
      "rotation": [
        -0.05733179301023483,
        -0.737411618232727,
        0.025410978123545647,
        0.6725262999534607
      ]
    },
    "spine": {
      "position": [
        -5.764622e-32,
        0.05709782,
        0.00532572158
      ],
      "rotation": [
        0.11534710228443146,
        -0.013008053414523602,
        -0.12225642800331116,
        0.9856874942779541
      ]
    },
    "chest": {
      "position": [
        1.95257e-17,
        0.106512144,
        -0.0127132786
      ],
      "rotation": [
        0.16975165903568268,
        -0.16700248420238495,
        -0.0007346657803282142,
        0.9712337255477905
      ]
    },
    "upperChest": {
      "position": [
        0.0,
        0.0,
        0.0
      ],
      "rotation": [
        0.0,
        0.0,
        0.0,
        1.0
      ]
    },
    "neck": {
      "position": [
        -8.844927e-17,
        0.124557033,
        0.00698040752
      ],
      "rotation": [
        0.08253417909145355,
        0.502269983291626,
        -0.026390787214040756,
        0.8603589534759521
      ]
    },
    "head": {
      "position": [
        -2.29384263e-08,
        0.07178691,
        0.0003720969
      ],
      "rotation": [
        -0.046034153550863266,
        0.19209755957126617,
        -0.3205454349517822,
        0.9264076352119446
      ]
    },
    "leftEye": {
      "position": [
        0.0,
        0.0,
        0.0
      ],
      "rotation": [
        0.0,
        0.0,
        0.0,
        1.0
      ]
    },
    "rightEye": {
      "position": [
        0.0,
        0.0,
        0.0
      ],
      "rotation": [
        0.0,
        0.0,
        0.0,
        1.0
      ]
    },
    "leftUpperLeg": {
      "position": [
        0.06946878,
        -0.03615541,
        0.0012374334
      ],
      "rotation": [
        0.06041436642408371,
        0.1756361871957779,
        0.10228229314088821,
        0.9772619009017944
      ]
    },
    "leftLowerLeg": {
      "position": [
        -1.49011612e-08,
        -0.364862382,
        -5.699694e-07
      ],
      "rotation": [
        0.29260358214378357,
        0.11014369130134583,
        -0.052870504558086395,
        0.9483970403671265
      ]
    },
    "leftFoot": {
      "position": [
        -0.000110670924,
        -0.409190476,
        0.00244229659
      ],
      "rotation": [
        -0.2409820407629013,
        -0.035472944378852844,
        -0.13741345703601837,
        0.9600976705551147
      ]
    },
    "leftToes": {
      "position": [
        0.0,
        -0.0533945672,
        0.09493692
      ],
      "rotation": [
        0.0021664921659976244,
        2.4614109861431643e-08,
        -3.1944757949986524e-08,
        0.9999980330467224
      ]
    },
    "rightUpperLeg": {
      "position": [
        -0.06946878,
        -0.03615541,
        0.0012374334
      ],
      "rotation": [
        -0.2396935671567917,
        -0.011091122403740883,
        -0.27323809266090393,
        0.9315393567085266
      ]
    },
    "rightLowerLeg": {
      "position": [
        1.49011612e-08,
        -0.364862382,
        -5.699694e-07
      ],
      "rotation": [
        0.18184366822242737,
        0.09424690902233124,
        -0.010695736855268478,
        0.9787424802780151
      ]
    },
    "rightFoot": {
      "position": [
        0.000110670924,
        -0.409190476,
        0.00244229659
      ],
      "rotation": [
        0.060051608830690384,
        0.026822682470083237,
        0.22452375292778015,
        0.9722470045089722
      ]
    },
    "rightToes": {
      "position": [
        0.0,
        -0.0533945672,
        0.09493692
      ],
      "rotation": [
        0.000822786649223417,
        -8.013584462673862e-09,
        5.3801141319809176e-08,
        1.0
      ]
    },
    "leftShoulder": {
      "position": [
        0.0201640911,
        0.09930704,
        0.00615278
      ],
      "rotation": [
        0.14702637493610382,
        -0.02545240707695484,
        0.09904246777296066,
        0.983832836151123
      ]
    },
    "leftUpperArm": {
      "position": [
        0.06088206,
        -5.09776874e-05,
        6.752089e-08
      ],
      "rotation": [
        -0.09017346799373627,
        -0.2944715619087219,
        0.1329524964094162,
        0.9420616626739502
      ]
    },
    "leftLowerArm": {
      "position": [
        0.253600717,
        2.31608283e-07,
        2.942727e-09
      ],
      "rotation": [
        -0.0704723671078682,
        -0.5722821354866028,
        0.05130030959844589,
        0.8154118657112122
      ]
    },
    "leftHand": {
      "position": [
        0.2266365,
        -1.04424537e-07,
        1.43706275e-05
      ],
      "rotation": [
        -0.08452480286359787,
        -0.20083580911159515,
        -0.06619483977556229,
        0.9737247824668884
      ]
    },
    "rightShoulder": {
      "position": [
        -0.0201640911,
        0.09930704,
        0.00615278
      ],
      "rotation": [
        0.15278831124305725,
        -0.09201334416866302,
        0.09076587110757828,
        0.9797713756561279
      ]
    },
    "rightUpperArm": {
      "position": [
        -0.06088206,
        -5.09776874e-05,
        6.752089e-08
      ],
      "rotation": [
        -0.05104280635714531,
        0.46300509572029114,
        0.27786195278167725,
        0.8401279449462891
      ]
    },
    "rightLowerArm": {
      "position": [
        -0.253600717,
        2.31608283e-07,
        2.942727e-09
      ],
      "rotation": [
        -0.0527198351919651,
        0.7101243734359741,
        -0.14044272899627686,
        0.687910795211792
      ]
    },
    "rightHand": {
      "position": [
        -0.2266365,
        -1.04424537e-07,
        1.43706275e-05
      ],
      "rotation": [
        -0.0285482220351696,
        0.05269872397184372,
        0.11930375546216965,
        0.9910476803779602
      ]
    },
    "leftThumbMetacarpal": {
      "position": [
        0.00292631984,
        -0.008359951,
        0.0133340014
      ],
      "rotation": [
        0.73231041431427,
        -0.3536835014820099,
        0.06385350227355957,
        0.5784060955047607
      ]
    },
    "leftThumbProximal": {
      "position": [
        0.0387900621,
        0.000113647431,
        -6.54347241e-06
      ],
      "rotation": [
        -0.030140336602926254,
        -0.07747718691825867,
        -0.3237634599208832,
        0.9424797296524048
      ]
    },
    "leftThumbDistal": {
      "position": [
        0.0238538384,
        6.887985e-05,
        -4.331592e-06
      ],
      "rotation": [
        -0.03290564939379692,
        -0.09079885482788086,
        -0.2766076326370239,
        0.9561187028884888
      ]
    },
    "leftIndexProximal": {
      "position": [
        0.0543731749,
        0.00616452657,
        0.0164190568
      ],
      "rotation": [
        0.06767947226762772,
        -0.035621169954538345,
        -0.6221683025360107,
        0.7791398167610168
      ]
    },
    "leftIndexIntermediate": {
      "position": [
        0.027624039,
        -5.92339831e-08,
        -3.638879e-06
      ],
      "rotation": [
        0.004536555614322424,
        -0.10360854864120483,
        -0.6642391681671143,
        0.7402925491333008
      ]
    },
    "leftIndexDistal": {
      "position": [
        0.01700817,
        -2.90103435e-06,
        -3.87871e-06
      ],
      "rotation": [
        0.012428734451532364,
        -0.07677406072616577,
        -0.4319324791431427,
        0.8985474705696106
      ]
    },
    "leftMiddleProximal": {
      "position": [
        0.0551137626,
        0.006164579,
        0.00170985435
      ],