{
  "vrmMetaVersion": "0",
  "pose": {
    "hips": {
      "position": [
        0.06163715943694115,
        0.8994534015655518,
        -0.10225702822208405
      ],
      "rotation": [
        0.05860308185219765,
        -0.31339749693870544,
        0.024542469531297684,
        0.9474942684173584
      ]
    },
    "spine": {
      "position": [
        -5.764622e-32,
        0.05709782,
        0.00532572158
      ],
      "rotation": [
        0.012666774913668633,
        8.560363085052813e-09,
        -1.6085632825735274e-09,
        0.9999198317527771
      ]
    },
    "chest": {
      "position": [
        1.95257e-17,
        0.106512144,
        -0.0127132786
      ],
      "rotation": [
        -0.09674198925495148,
        0.08546735346317291,
        -0.009841663762927055,
        0.9915844202041626
      ]
    },
    "upperChest": {
      "position": [
        0.0,
        0.0,
        0.0
      ],
      "rotation": [
        0.0,
        0.0,
        0.0,
        1.0
      ]
    },
    "neck": {
      "position": [
        -8.844927e-17,
        0.124557033,
        0.00698040752
      ],
      "rotation": [
        0.16102203726768494,
        -0.11425252258777618,
        -0.034001674503088,
        0.9797258973121643
      ]
    },
    "head": {
      "position": [
        -2.29384263e-08,
        0.07178691,
        0.0003720969
      ],
      "rotation": [
        -0.16426324844360352,
        -0.2698788642883301,
        0.05563826486468315,
        0.9471475481987
      ]
    },
    "leftEye": {
      "position": [
        0.0,
        0.0,
        0.0
      ],
      "rotation": [
        0.0,
        0.0,
        0.0,
        1.0
      ]
    },
    "rightEye": {
      "position": [
        0.0,
        0.0,
        0.0
      ],
      "rotation": [
        0.0,
        0.0,
        0.0,
        1.0
      ]
    },
    "leftUpperLeg": {
      "position": [
        0.06946878,
        -0.03615541,
        0.0012374334
      ],
      "rotation": [
        -0.10532638430595398,
        0.03868674859404564,
        0.004703500308096409,
        0.9936738014221191
      ]
    },
    "leftLowerLeg": {
      "position": [
        -1.49011612e-08,
        -0.364862382,
        -5.699694e-07
      ],
      "rotation": [
        0.04203950986266136,
        0.07316084206104279,
        -7.24923811503686e-05,
        0.9964338541030884
      ]
    },
    "leftFoot": {
      "position": [
        -0.000110670924,
        -0.409190476,
        0.00244229659
      ],
      "rotation": [
        0.0032231812365353107,
        0.03720537945628166,
        0.005065621342509985,
        0.999289870262146
      ]
    },
    "leftToes": {
      "position": [
        0.0,
        -0.0533945672,
        0.09493692
      ],
      "rotation": [
        0.002166789025068283,
        2.88219954569513e-08,
        -2.3589812325752746e-09,
        0.9999980330467224
      ]
    },
    "rightUpperLeg": {
      "position": [
        -0.06946878,
        -0.03615541,
        0.0012374334
      ],
      "rotation": [
        -0.04965662583708763,
        0.07778584212064743,
        0.03166622668504715,
        0.9952290654182434
      ]
    },
    "rightLowerLeg": {
      "position": [
        1.49011612e-08,
        -0.364862382,
        -5.699694e-07
      ],
      "rotation": [
        0.02428090199828148,
        0.1596492975950241,
        -7.084230674081482e-06,
        0.9868752360343933
      ]
    },
    "rightFoot": {
      "position": [
        0.000110670924,
        -0.409190476,
        0.00244229659
      ],
      "rotation": [
        -0.025196712464094162,
        0.09299959242343903,
        -0.017759928479790688,
        0.9951888918876648
      ]
    },
    "rightToes": {
      "position": [
        0.0,
        -0.0533945672,
        0.09493692
      ],
      "rotation": [
        0.0021667012479156256,
        -4.932578079319683e-08,
        -5.536406444406339e-09,
        0.9999979138374329
      ]
    },
    "leftShoulder": {
      "position": [
        0.0201640911,
        0.09930704,
        0.00615278
      ],
      "rotation": [
        0.14052772521972656,
        -0.09648271650075912,
        -0.04135196655988693,
        0.9844965934753418
      ]
    },
    "leftUpperArm": {
      "position": [
        0.06088206,
        -5.09776874e-05,
        6.752089e-08
      ],
      "rotation": [
        0.16522791981697083,
        -0.558858335018158,
        -0.2620633542537689,
        0.7692207098007202
      ]
    },
    "leftLowerArm": {
      "position": [
        0.253600717,
        2.31608283e-07,
        2.942727e-09
      ],
      "rotation": [
        0.04920431226491928,
        -0.5473896861076355,
        -0.07997649908065796,
        0.8315935730934143
      ]
    },
    "leftHand": {
      "position": [
        0.2266365,
        -1.04424537e-07,
        1.43706275e-05
      ],
      "rotation": [
        -0.11861973255872726,
        -0.13226519525051117,
        -0.3996780812740326,
        0.8992738723754883
      ]
    },
    "rightShoulder": {
      "position": [
        -0.0201640911,
        0.09930704,
        0.00615278
      ],
      "rotation": [
        0.14840225875377655,
        -0.005046158563345671,
        0.03726944699883461,
        0.988211989402771
      ]
    },
    "rightUpperArm": {
      "position": [
        -0.06088206,
        -5.09776874e-05,
        6.752089e-08
      ],
      "rotation": [
        0.1105765700340271,
        0.45336952805519104,
        0.2827211916446686,
        0.8380325436592102
      ]
    },
    "rightLowerArm": {
      "position": [
        -0.253600717,
        2.31608283e-07,
        2.942727e-09
      ],
      "rotation": [
        0.07416170835494995,
        0.5624012351036072,
        -0.03519558534026146,
        0.8227800726890564
      ]
    },
    "rightHand": {
      "position": [
        -0.2266365,
        -1.04424537e-07,
        1.43706275e-05
      ],
      "rotation": [
        -0.011213116347789764,
        0.2990489602088928,
        0.18631303310394287,
        0.9358056783676147
      ]
    },
    "leftThumbMetacarpal": {
      "position": [
        0.00292631984,
        -0.008359951,
        0.0133340014
      ],
      "rotation": [
        0.6389636993408203,
        -0.4080500602722168,
        0.26656022667884827,
        0.5951192378997803
      ]
    },
    "leftThumbProximal": {
      "position": [
        0.0387900621,
        0.000113647431,
        -6.54347241e-06
      ],
      "rotation": [
        -0.02879989892244339,
        -0.027290301397442818,
        -0.1493394523859024,
        0.9879900813102722
      ]
    },
    "leftThumbDistal": {
      "position": [
        0.0238538384,
        6.887985e-05,
        -4.331592e-06
      ],
      "rotation": [
        -0.03283232823014259,
        -0.08940297365188599,
        -0.27161845564842224,
        0.9576813578605652
      ]
    },
    "leftIndexProximal": {
      "position": [
        0.0543731749,
        0.00616452657,
        0.0164190568
      ],
      "rotation": [
        -0.01680470071732998,
        -0.08628978580236435,
        -0.03860786184668541,
        0.9953803420066833
      ]
    },
    "leftIndexIntermediate": {
      "position": [
        0.027624039,
        -5.92339831e-08,
        -3.638879e-06
      ],
      "rotation": [
        0.011090063489973545,
        -0.02800877019762993,
        -0.21484911441802979,
        0.9761830568313599
      ]
    },
    "leftIndexDistal": {
      "position": [
        0.01700817,
        -2.90103435e-06,
        -3.87871e-06
      ],
      "rotation": [
        0.012803629972040653,
        -0.05919226258993149,
        -0.3232787251472473,
        0.9443645477294922
      ]
    },
    "leftMiddleProximal": {
      "position": [
        0.0551137626,
        0.006164579,
        0.00170985435
      ],