{
  "vrmMetaVersion": "0",
  "pose": {
    "hips": {
      "position": [
        0.043253134936094284,
        0.8567726016044617,
        -0.01255242433398962
      ],
      "rotation": [
        -0.038017645478248596,
        -0.49124887585639954,
        0.2692936360836029,
        0.8274722099304199
      ]
    },
    "spine": {
      "position": [
        -5.764622e-32,
        0.05709782,
        0.00532572158
      ],
      "rotation": [
        0.0212534349411726,
        0.011864549480378628,
        -0.11505202949047089,
        0.993061363697052
      ]
    },
    "chest": {
      "position": [
        1.95257e-17,
        0.106512144,
        -0.0127132786
      ],
      "rotation": [
        -0.13314896821975708,
        -0.011988023295998573,
        -0.13948288559913635,
        0.9811586737632751
      ]
    },
    "upperChest": {
      "position": [
        0.0,
        0.0,
        0.0
      ],
      "rotation": [
        0.0,
        0.0,
        0.0,
        1.0
      ]
    },
    "neck": {
      "position": [
        -8.844927e-17,
        0.124557033,
        0.00698040752
      ],
      "rotation": [
        0.19755567610263824,
        0.09501940757036209,
        0.013970429077744484,
        0.9755759239196777
      ]
    },
    "head": {
      "position": [
        -2.29384263e-08,
        0.07178691,
        0.0003720969
      ],
      "rotation": [
        -0.0865117684006691,
        0.10704908519983292,
        -0.04299303516745567,
        0.9895498156547546
      ]
    },
    "leftEye": {
      "position": [
        0.0,
        0.0,
        0.0
      ],
      "rotation": [
        0.0,
        0.0,
        0.0,
        1.0
      ]
    },
    "rightEye": {
      "position": [
        0.0,
        0.0,
        0.0
      ],
      "rotation": [
        0.0,
        0.0,
        0.0,
        1.0
      ]
    },
    "leftUpperLeg": {
      "position": [
        0.06946878,
        -0.03615541,
        0.0012374334
      ],
      "rotation": [
        -0.13132308423519135,
        -0.11233474314212799,
        -0.22989653050899506,
        0.9577490091323853
      ]
    },
    "leftLowerLeg": {
      "position": [
        -1.49011612e-08,
        -0.364862382,
        -5.699694e-07
      ],
      "rotation": [
        0.03667278587818146,
        -0.030653975903987885,
        0.001697769621387124,
        0.9988558888435364
      ]
    },
    "leftFoot": {
      "position": [
        -0.000110670924,
        -0.409190476,
        0.00244229659
      ],
      "rotation": [
        -0.002988505642861128,
        0.00872671790421009,
        0.05512126907706261,
        0.9984372854232788
      ]
    },
    "leftToes": {
      "position": [
        0.0,
        -0.0533945672,
        0.09493692
      ],
      "rotation": [
        0.00216677482239902,
        4.7496239830024933e-08,
        -3.6119274682278046e-08,
        0.9999979734420776
      ]
    },
    "rightUpperLeg": {
      "position": [
        -0.06946878,
        -0.03615541,
        0.0012374334
      ],
      "rotation": [
        -0.3111110031604767,
        -0.02053304947912693,
        -0.21740905940532684,
        0.9249443411827087
      ]
    },
    "rightLowerLeg": {
      "position": [
        1.49011612e-08,
        -0.364862382,
        -5.699694e-07
      ],
      "rotation": [
        0.4009191393852234,
        0.016565870493650436,
        -0.03179539740085602,
        0.9154118895530701
      ]
    },
    "rightFoot": {
      "position": [
        0.000110670924,
        -0.409190476,
        0.00244229659
      ],
      "rotation": [
        -0.18418583273887634,
        -0.031076164916157722,
        -0.033163562417030334,
        0.9818403720855713
      ]
    },
    "rightToes": {
      "position": [
        0.0,
        -0.0533945672,
        0.09493692
      ],
      "rotation": [
        0.00216668494977057,
        -1.3780697694087962e-09,
        5.705686589863035e-09,
        0.9999979734420776
      ]
    },
    "leftShoulder": {
      "position": [
        0.0201640911,
        0.09930704,
        0.00615278
      ],
      "rotation": [
        0.10618936270475388,
        -0.4055839776992798,
        -0.06877695024013519,
        0.905259907245636
      ]
    },
    "leftUpperArm": {
      "position": [
        0.06088206,
        -5.09776874e-05,
        6.752089e-08
      ],
      "rotation": [
        -0.25633713603019714,
        -0.21331937611103058,
        0.15945574641227722,
        0.9291719198226929
      ]
    },
    "leftLowerArm": {
      "position": [
        0.253600717,
        2.31608283e-07,
        2.942727e-09
      ],
      "rotation": [
        -0.37821656465530396,
        -0.353706032037735,
        0.04428161680698395,
        0.854332447052002
      ]
    },
    "leftHand": {
      "position": [
        0.2266365,
        -1.04424537e-07,
        1.43706275e-05
      ],
      "rotation": [
        -0.23051057755947113,
        -0.08512052893638611,
        -0.0825231745839119,
        0.9658207893371582
      ]
    },
    "rightShoulder": {
      "position": [
        -0.0201640911,
        0.09930704,
        0.00615278
      ],
      "rotation": [
        0.12965868413448334,
        0.20740863680839539,
        0.07004757970571518,
        0.967090368270874
      ]
    },
    "rightUpperArm": {
      "position": [
        -0.06088206,
        -5.09776874e-05,
        6.752089e-08
      ],
      "rotation": [
        0.0330769345164299,
        0.43692946434020996,
        0.39129379391670227,
        0.8092517256736755
      ]
    },
    "rightLowerArm": {
      "position": [
        -0.253600717,
        2.31608283e-07,
        2.942727e-09
      ],
      "rotation": [
        -0.29332271218299866,
        -0.05130670219659805,
        -0.00547341164201498,
        0.9546206593513489
      ]
    },
    "rightHand": {
      "position": [
        -0.2266365,
        -1.04424537e-07,
        1.43706275e-05
      ],
      "rotation": [
        -0.27217668294906616,
        -0.22267068922519684,
        -0.21820539236068726,
        0.910343587398529
      ]
    },
    "leftThumbMetacarpal": {
      "position": [
        0.00292631984,
        -0.008359951,
        0.0133340014
      ],
      "rotation": [
        0.6588782668113708,
        -0.23925285041332245,
        0.23953698575496674,
        0.6717588901519775
      ]
    },
    "leftThumbProximal": {
      "position": [
        0.0387900621,
        0.000113647431,
        -6.54347241e-06
      ],
      "rotation": [
        -0.03045329451560974,
        -0.112034872174263,
        -0.44268345832824707,
        0.8891304135322571
      ]
    },
    "leftThumbDistal": {
      "position": [
        0.0238538384,
        6.887985e-05,
        -4.331592e-06
      ],
      "rotation": [
        -0.024947550147771835,
        0.017992153763771057,
        0.10835210978984833,
        0.9936370253562927
      ]
    },
    "leftIndexProximal": {
      "position": [
        0.0543731749,
        0.00616452657,
        0.0164190568
      ],
      "rotation": [
        0.0366763211786747,
        -0.0933229997754097,
        -0.4984602630138397,
        0.8610944151878357
      ]
    },
    "leftIndexIntermediate": {
      "position": [
        0.027624039,
        -5.92339831e-08,
        -3.638879e-06
      ],
      "rotation": [
        0.0024490731302648783,
        -0.12025412172079086,
        -0.7608804106712341,
        0.6376476287841797
      ]
    },
    "leftIndexDistal": {
      "position": [
        0.01700817,
        -2.90103435e-06,
        -3.87871e-06
      ],
      "rotation": [
        0.010603963397443295,
        -0.11744625866413116,
        -0.6861764192581177,
        0.7178134918212891
      ]
    },
    "leftMiddleProximal": {
      "position": [
        0.0551137626,
        0.006164579,
        0.00170985435
      ],