{
  "vrmMetaVersion": "0",
  "pose": {
    "hips": {
      "position": [
        0.049720924347639084,
        0.851662278175354,
        -0.03391800820827484
      ],
      "rotation": [
        0.23771348595619202,
        -0.4994361996650696,
        -0.060596007853746414,
        0.8308934569358826
      ]
    },
    "spine": {
      "position": [
        -5.764622e-32,
        0.05709782,
        0.00532572158
      ],
      "rotation": [
        -0.03371449559926987,
        0.09198757261037827,
        0.1200602725148201,
        0.9879207015037537
      ]
    },
    "chest": {
      "position": [
        1.95257e-17,
        0.106512144,
        -0.0127132786
      ],
      "rotation": [
        -0.2111952006816864,
        0.14932683110237122,
        0.027492307126522064,
        0.9655789136886597
      ]
    },
    "upperChest": {
      "position": [
        0.0,
        0.0,
        0.0
      ],
      "rotation": [
        0.0,
        0.0,
        0.0,
        1.0
      ]
    },
    "neck": {
      "position": [
        -8.844927e-17,
        0.124557033,
        0.00698040752
      ],
      "rotation": [
        0.2009306102991104,
        -0.007442458067089319,
        0.04530162736773491,
        0.9785293340682983
      ]
    },
    "head": {
      "position": [
        -2.29384263e-08,
        0.07178691,
        0.0003720969
      ],
      "rotation": [
        -0.02158995345234871,
        0.0041009956039488316,
        0.043053071945905685,
        0.9988312125205994
      ]
    },
    "leftEye": {
      "position": [
        0.0,
        0.0,
        0.0
      ],
      "rotation": [
        0.0,
        0.0,
        0.0,
        1.0
      ]
    },
    "rightEye": {
      "position": [
        0.0,
        0.0,
        0.0
      ],
      "rotation": [
        0.0,
        0.0,
        0.0,
        1.0
      ]
    },
    "leftUpperLeg": {
      "position": [
        0.06946878,
        -0.03615541,
        0.0012374334
      ],
      "rotation": [
        -0.3568660318851471,
        -0.09484248608350754,
        0.10108422487974167,
        0.9238147139549255
      ]
    },
    "leftLowerLeg": {
      "position": [
        -1.49011612e-08,
        -0.364862382,
        -5.699694e-07
      ],
      "rotation": [
        0.3790554106235504,
        -0.09033516049385071,
        0.05578417330980301,
        0.9192630648612976
      ]
    },
    "leftFoot": {
      "position": [
        -0.000110670924,
        -0.409190476,
        0.00244229659
      ],
      "rotation": [
        -0.1424524337053299,
        0.02477986179292202,
        0.028347261250019073,
        0.9890852570533752
      ]
    },
    "leftToes": {
      "position": [
        0.0,
        -0.0533945672,
        0.09493692
      ],
      "rotation": [
        0.00216669961810112,
        3.403786408284759e-08,
        -7.513488498034349e-09,
        0.9999977946281433
      ]
    },
    "rightUpperLeg": {
      "position": [
        -0.06946878,
        -0.03615541,
        0.0012374334
      ],
      "rotation": [
        -0.23532481491565704,
        0.04438323527574539,
        0.16655665636062622,
        0.9565100073814392
      ]
    },
    "rightLowerLeg": {
      "position": [
        1.49011612e-08,
        -0.364862382,
        -5.699694e-07
      ],
      "rotation": [
        0.16786439716815948,
        -0.06801971048116684,
        -0.008139833807945251,
        0.9834271669387817
      ]
    },
    "rightFoot": {
      "position": [
        0.000110670924,
        -0.409190476,
        0.00244229659
      ],
      "rotation": [
        -0.0698520839214325,
        -0.06113417446613312,
        -0.05832712724804878,
        0.9939727187156677
      ]
    },
    "rightToes": {
      "position": [
        0.0,
        -0.0533945672,
        0.09493692
      ],
      "rotation": [
        0.002166495891287923,
        8.00834687453289e-09,
        -1.1995458848446106e-08,
        0.9999980926513672
      ]
    },
    "leftShoulder": {
      "position": [
        0.0201640911,
        0.09930704,
        0.00615278
      ],
      "rotation": [
        0.12969350814819336,
        -0.20731794834136963,
        -0.06883558630943298,
        0.9671922326087952
      ]
    },
    "leftUpperArm": {
      "position": [
        0.06088206,
        -5.09776874e-05,
        6.752089e-08
      ],
      "rotation": [
        0.03785767778754234,
        -0.3704463243484497,
        -0.38560691475868225,
        0.8441823124885559
      ]
    },
    "leftLowerArm": {
      "position": [
        0.253600717,
        2.31608283e-07,
        2.942727e-09
      ],
      "rotation": [
        -0.13927671313285828,
        0.042898401618003845,
        -0.0030189487151801586,
        0.9893194437026978
      ]
    },
    "leftHand": {
      "position": [
        0.2266365,
        -1.04424537e-07,
        1.43706275e-05
      ],
      "rotation": [
        -0.11624722182750702,
        0.1849655956029892,
        0.2620542645454407,
        0.9400013089179993
      ]
    },
    "rightShoulder": {
      "position": [
        -0.0201640911,
        0.09930704,
        0.00615278
      ],
      "rotation": [
        0.10603651404380798,
        0.40642422437667847,
        0.07050774991512299,
        0.904767632484436
      ]
    },
    "rightUpperArm": {
      "position": [
        -0.06088206,
        -5.09776874e-05,
        6.752089e-08
      ],
      "rotation": [
        -0.2411235272884369,
        0.1288350224494934,
        -0.27541032433509827,
        0.9216345548629761
      ]
    },
    "rightLowerArm": {
      "position": [
        -0.253600717,
        2.31608283e-07,
        2.942727e-09
      ],
      "rotation": [
        -0.3818684220314026,
        0.22935128211975098,
        -0.02108069881796837,
        0.8950588703155518
      ]
    },
    "rightHand": {
      "position": [
        -0.2266365,
        -1.04424537e-07,
        1.43706275e-05
      ],
      "rotation": [
        -0.2398388534784317,
        0.08595328778028488,
        0.0821227878332138,
        0.9635069966316223
      ]
    },
    "leftThumbMetacarpal": {
      "position": [
        0.00292631984,
        -0.008359951,
        0.0133340014
      ],
      "rotation": [
        0.6588782668113708,
        -0.23925279080867767,
        0.23953703045845032,
        0.6717590093612671
      ]
    },
    "leftThumbProximal": {
      "position": [
        0.0387900621,
        0.000113647431,
        -6.54347241e-06
      ],
      "rotation": [
        -0.030453277751803398,
        -0.11203489452600479,
        -0.44268345832824707,
        0.8891303539276123
      ]
    },
    "leftThumbDistal": {
      "position": [
        0.0238538384,
        6.887985e-05,
        -4.331592e-06
      ],
      "rotation": [
        -0.024947453290224075,
        0.017992211505770683,
        0.10835215449333191,
        0.9936370253562927
      ]
    },
    "leftIndexProximal": {
      "position": [
        0.0543731749,
        0.00616452657,
        0.0164190568
      ],
      "rotation": [
        0.03667622432112694,
        -0.09332311153411865,
        -0.4984602928161621,
        0.8610942363739014
      ]
    },
    "leftIndexIntermediate": {
      "position": [
        0.027624039,
        -5.92339831e-08,
        -3.638879e-06
      ],
      "rotation": [
        0.002448993967846036,
        -0.12025392800569534,
        -0.7608801126480103,
        0.6376475691795349
      ]
    },
    "leftIndexDistal": {
      "position": [
        0.01700817,
        -2.90103435e-06,
        -3.87871e-06
      ],
      "rotation": [
        0.010604082606732845,
        -0.11744628846645355,
        -0.6861764192581177,
        0.7178134322166443
      ]
    },
    "leftMiddleProximal": {
      "position": [
        0.0551137626,
        0.006164579,
        0.00170985435
      ],