{"vrmMetaVersion":"0","pose":{"hips":{"position":[0,0,0],"rotation":[0,0,0,1]},"spine":{"position":[0,0,0],"rotation":[0,0,0,1]},"chest":{"position":[0,0,0],"rotation":[0,0,0,1]},"upperChest":{"position":[0,0,0],"rotation":[0,0,0,1]},"neck":{"position":[0,0,0],"rotation":[0,0,0,1]},"head":{"position":[0,0,0],"rotation":[0,0,0,1]},"leftEye":{"position":[0,0,0],"rotation":[0,0,0,1]},"rightEye":{"position":[0,0,0],"rotation":[0,0,0,1]},"leftUpperLeg":{"position":[0,0,0],"rotation":[0.7441526212595305,0.5876192490848611,0.13249007948630398,0.2887678535003969]},"leftLowerLeg":{"position":[0,0,0],"rotation":[-0.9182858340473399,0,0,0.39591808115818766]},"leftFoot":{"position":[0,0,0],"rotation":[-0.2080010326898175,-0.11079151356510465,-0.0054010956182718685,0.9718187274837036]},"leftToes":{"position":[0,0,0],"rotation":[0,0,0,1]},"rightUpperLeg":{"position":[0,0,0],"rotation":[0.7441526212595305,-0.5876192490848611,-0.13249007948630398,0.2887678535003969]},"rightLowerLeg":{"position":[0,0,0],"rotation":[-0.9182858340473399,0,0,0.39591808115818766]},"rightFoot":{"position":[0,0,0],"rotation":[-0.2080010326898175,0.11079151356510465,0.0054010956182718685,0.9718187274837036]},"rightToes":{"position":[0,0,0],"rotation":[0,0,0,1]},"leftShoulder":{"position":[0,0,0],"rotation":[0,0,0,1]},"leftUpperArm":{"position":[0,0,0],"rotation":[0.24567924531762927,-0.31799842745398577,0.2756831176498156,0.8732224958164042]},"leftLowerArm":{"position":[0,0,0],"rotation":[-0.24284606994787775,-0.7572082109006946,0.4012100372685883,0.4546339380758745]},"leftHand":{"position":[0,0,0],"rotation":[-0.003735056481347813,-0.16734134834920222,-0.6106213492895078,0.7740313238349034]},"rightShoulder":{"position":[0,0,0],"rotation":[0,0,0,1]},"rightUpperArm":{"position":[0,0,0],"rotation":[0.24567924531762927,0.31799842745398577,-0.2756831176498156,0.8732224958164042]},"rightLowerArm":{"position":[0,0,0],"rotation":[-0.24284606994787775,0.7572082109006946,-0.4012100372685883,0.4546339380758745]},"rightHand":{"position":[0,0,0],"rotation":[-0.003735056481347813,0.16734134834920222,0.6106213492895078,0.7740313238349034]},"leftThumbMetacarpal":{"position":[0,0,0],"rotation":[0,0,0,1]},"leftThumbProximal":{"position":[-0.03537392979663634,0.002062555563832724,-0.030262496675440054],"rotation":[0,0,0,1]},"leftThumbDistal":{"position":[-0.02256373709571924,0.0009700217017991619,-0.01764980374327695],"rotation":[0,0,0,1]},"leftIndexProximal":{"position":[-0.0654826900229919,-0.007380253503088907,-0.019656774759046543],"rotation":[0,0,0,1]},"leftIndexIntermediate":{"position":[-0.0332623352942063,1.3820529032315676e-7,0.000646212775011033],"rotation":[0,0,0,1]},"leftIndexDistal":{"position":[-0.020459153946135622,0.0005910885297366608,0.0007889920042158946],"rotation":[0,0,0,1]},"leftMiddleProximal":{"position":[-0.06637484998843335,-0.007380372677602942,-0.00204699043710322],"rotation":[0,0,0,1]},"leftMiddleIntermediate":{"position":[-0.03705729543862657,1.1300528468538573e-7,-4.6823499556813974e-9],"rotation":[0,0,0,1]},"leftMiddleDistal":{"position":[-0.022861078423826897,-1.2574020935574026e-7,1.9605912213171983e-8],"rotation":[0,0,0,1]},"leftRingProximal":{"position":[-0.06561846995613863,-0.007380253249795743,0.01358808351612565],"rotation":[0,0,0,1]},"leftRingIntermediate":{"position":[-0.03437532483582828,-1.2463010112817585e-7,1.2084587427962923e-8],"rotation":[0,0,0,1]},"leftRingDistal":{"position":[-0.01983799002067721,-5.714198003659021e-9,1.5880544886048842e-8],"rotation":[0,0,0,1]},"leftLittleProximal":{"position":[-0.06110055732001762,-0.007380253046349594,0.029175657168228206],"rotation":[0,0,0,1]},"leftLittleIntermediate":{"position":[-0.031442835932773194,-4.594531866075613e-9,9.069982265241805e-10],"rotation":[0,0,0,1]},"leftLittleDistal":{"position":[-0.018121734318888416,-4.862731994847991e-9,4.696966753037213e-9],"rotation":[0,0,0,1]},"rightThumbMetacarpal":{"position":[0,0,0],"rotation":[0,0,0,1]},"rightThumbProximal":{"position":[0.03537392979663634,0.002062555563832724,-0.030262496675440054],"rotation":[0,0,0,1]},"rightThumbDistal":{"position":[0.02256373709571924,0.0009700217017991619,-0.01764980374327695],"rotation":[0,0,0,1]},"rightIndexProximal":{"position":[0.0654826900229919,-0.007380253503088907,-0.01965677475904655],"rotation":[0,0,0,1]},"rightIndexIntermediate":{"position":[0.0332623352942063,1.3820529032315676e-7,0.000646212775011033],"rotation":[0,0,0,1]},"rightIndexDistal":{"position":[0.020459153946135622,0.0005910885297366608,0.0007889920042158946],"rotation":[0,0,0,1]},"rightMiddleProximal":{"position":[0.06637484998843335,-0.007380372677602942,-0.00204699043710322],"rotation":[0,0,0,1]},"rightMiddleIntermediate":{"position":[0.03705729543862657,1.1300528468538573e-7,-4.6823499556813974e-9],"rotation":[0,0,0,1]},"rightMiddleDistal":{"position":[0.022861078423826897,-1.2574020935574026e-7,1.9605912213171983e-8],"rotation":[0,0,0,1]},"rightRingProximal":{"position":[0.06561846995613863,-0.007380253249795743,0.01358808351612565],"rotation":[0,0,0,1]},"rightRingIntermediate":{"position":[0.03437532483582828,-1.2463010112817585e-7,1.2084587427962923e-8],"rotation":[0,0,0,1]},"rightRingDistal":{"position":[0.01983799002067721,-5.714198003659021e-9,1.5880544886048842e-8],"rotation":[0,0,0,1]},"rightLittleProximal":{"position":[0.06110055732001762,-0.007380253046349594,0.029175657168228206],"rotation":[0,0,0,1]},"rightLittleIntermediate":{"position":[0.031442835932773194,-4.594531866075613e-9,9.069982265241805e-10],"rotation":[0,0,0,1]},"rightLittleDistal":{"position":[0.018121734318888416,-4.862731994847991e-9,4.696966753037213e-9],"rotation":[0,0,0,1]}},"expressions":{"happy":0,"angry":0,"sad":0,"relaxed":0,"surprised":null,"aa":0,"ih":0,"ou":0,"ee":0,"oh":0,"blink":0,"blinkLeft":0,"blinkRight":0},"guiSliders":{"lefts":{"leftThumb":0,"leftIndexFinger":0,"leftMiddleFinger":0,"leftRingFinger":0,"leftLittleFinger":0},"rights":{"rightThumb":0,"rightIndexFinger":0,"rightMiddleFinger":0,"rightRingFinger":0,"rightLittleFinger":0},"fingerSettings":{"leftThumb":{"x":0,"y":0,"z":0},"leftIndex":{"x":0,"y":0,"z":0},"leftMiddle":{"x":0,"y":0,"z":0},"leftRing":{"x":0,"y":0,"z":0},"leftLittle":{"x":0,"y":0,"z":0},"rightThumb":{"x":0,"y":0,"z":0},"rightIndex":{"x":0,"y":0,"z":0},"rightMiddle":{"x":0,"y":0,"z":0},"rightRing":{"x":0,"y":0,"z":0},"rightLittle":{"x":0,"y":0,"z":0}},"fingerJointSettings":{"leftThumb":{"proximal":{"x":0,"y":0,"z":0},"distal":{"x":0,"y":0,"z":0}},"leftIndex":{"proximal":{"x":0,"y":0,"z":0},"intermediate":{"x":0,"y":0,"z":0},"distal":{"x":0,"y":0,"z":0}},"leftMiddle":{"proximal":{"x":0,"y":0,"z":0},"intermediate":{"x":0,"y":0,"z":0},"distal":{"x":0,"y":0,"z":0}},"leftRing":{"proximal":{"x":0,"y":0,"z":0},"intermediate":{"x":0,"y":0,"z":0},"distal":{"x":0,"y":0,"z":0}},"leftLittle":{"proximal":{"x":0,"y":0,"z":0},"intermediate":{"x":0,"y":0,"z":0},"distal":{"x":0,"y":0,"z":0}},"rightThumb":{"proximal":{"x":0,"y":0,"z":0},"distal":{"x":0,"y":0,"z":0}},"rightIndex":{"proximal":{"x":0,"y":0,"z":0},"intermediate":{"x":0,"y":0,"z":0},"distal":{"x":0,"y":0,"z":0}},"rightMiddle":{"proximal":{"x":0,"y":0,"z":0},"intermediate":{"x":0,"y":0,"z":0},"distal":{"x":0,"y":0,"z":0}},"rightRing":{"proximal":{"x":0,"y":0,"z":0},"intermediate":{"x":0,"y":0,"z":0},"distal":{"x":0,"y":0,"z":0}},"rightLittle":{"proximal":{"x":0,"y":0,"z":0},"intermediate":{"x":0,"y":0,"z":0},"distal":{"x":0,"y":0,"z":0}}},"gages":{"pitch":0,"yaw":0}},"gages":{"pitch":0,"yaw":0}}