{
  "vrmMetaVersion": "0",
  "pose": {
    "hips": {
      "position": [
        -0.04450126364827156,
        0.9205233454704285,
        -0.06275787949562073
      ],
      "rotation": [
        -0.012290806509554386,
        -0.25897085666656494,
        0.16809900104999542,
        0.9510655999183655
      ]
    },
    "spine": {
      "position": [
        -5.764622e-32,
        0.05709782,
        0.00532572158
      ],
      "rotation": [
        -0.010290022008121014,
        0.1111161932349205,
        -0.08318029344081879,
        0.9902669787406921
      ]
    },
    "chest": {
      "position": [
        1.95257e-17,
        0.106512144,
        -0.0127132786
      ],
      "rotation": [
        -0.08405372500419617,
        0.1470099538564682,
        -0.07650933414697647,
        0.9825832843780518
      ]
    },
    "upperChest": {
      "position": [
        0.0,
        0.0,
        0.0
      ],
      "rotation": [
        0.0,
        0.0,
        0.0,
        1.0
      ]
    },
    "neck": {
      "position": [
        -8.844927e-17,
        0.124557033,
        0.00698040752
      ],
      "rotation": [
        0.22358322143554688,
        0.05524929612874985,
        -0.015891550108790398,
        0.9729881882667542
      ]
    },
    "head": {
      "position": [
        -2.29384263e-08,
        0.07178691,
        0.0003720969
      ],
      "rotation": [
        -0.09267743676900864,
        0.03260332718491554,
        -0.07278742641210556,
        0.9924972057342529
      ]
    },
    "leftEye": {
      "position": [
        0.0,
        0.0,
        0.0
      ],
      "rotation": [
        0.0,
        0.0,
        0.0,
        1.0
      ]
    },
    "rightEye": {
      "position": [
        0.0,
        0.0,
        0.0
      ],
      "rotation": [
        0.0,
        0.0,
        0.0,
        1.0
      ]
    },
    "leftUpperLeg": {
      "position": [
        0.06946878,
        -0.03615541,
        0.0012374334
      ],
      "rotation": [
        -0.3730929493904114,
        -0.16360044479370117,
        -0.15086698532104492,
        0.9007084369659424
      ]
    },
    "leftLowerLeg": {
      "position": [
        -1.49011612e-08,
        -0.364862382,
        -5.699694e-07
      ],
      "rotation": [
        0.738602876663208,
        -0.10826512426137924,
        0.045976895838975906,
        0.6638002395629883
      ]
    },
    "leftFoot": {
      "position": [
        -0.000110670924,
        -0.409190476,
        0.00244229659
      ],
      "rotation": [
        0.21629393100738525,
        -0.0509902685880661,
        -0.06284739822149277,
        0.9729683995246887
      ]
    },
    "leftToes": {
      "position": [
        0.0,
        -0.0533945672,
        0.09493692
      ],
      "rotation": [
        0.002166698221117258,
        3.7826122678552565e-08,
        -4.239817741336083e-08,
        0.9999979734420776
      ]
    },
    "rightUpperLeg": {
      "position": [
        -0.06946878,
        -0.03615541,
        0.0012374334
      ],
      "rotation": [
        0.023929910734295845,
        -0.03507227450609207,
        -0.10242767632007599,
        0.9938338994979858
      ]
    },
    "rightLowerLeg": {
      "position": [
        1.49011612e-08,
        -0.364862382,
        -5.699694e-07
      ],
      "rotation": [
        -0.04169511795043945,
        -0.031126590445637703,
        0.0011960510164499283,
        0.9986447095870972
      ]
    },
    "rightFoot": {
      "position": [
        0.000110670924,
        -0.409190476,
        0.00244229659
      ],
      "rotation": [
        -0.01870996691286564,
        -0.03006635792553425,
        -0.02410644106566906,
        0.9990821480751038
      ]
    },
    "rightToes": {
      "position": [
        0.0,
        -0.0533945672,
        0.09493692
      ],
      "rotation": [
        0.0021669669076800346,
        -1.517499903513908e-08,
        -4.666448560897152e-09,
        0.9999977946281433
      ]
    },
    "leftShoulder": {
      "position": [
        0.0201640911,
        0.09930704,
        0.00615278
      ],
      "rotation": [
        0.14940592646598816,
        0.010006402619183064,
        0.01814325340092182,
        0.9885591864585876
      ]
    },
    "leftUpperArm": {
      "position": [
        0.06088206,
        -5.09776874e-05,
        6.752089e-08
      ],
      "rotation": [
        -0.13572512567043304,
        -0.1744237095117569,
        -0.5227019786834717,
        0.8233702778816223
      ]
    },
    "leftLowerArm": {
      "position": [
        0.253600717,
        2.31608283e-07,
        2.942727e-09
      ],
      "rotation": [
        -0.0726553425192833,
        -0.7330895066261292,
        0.47489070892333984,
        0.48143619298934937
      ]
    },
    "leftHand": {
      "position": [
        0.2266365,
        -1.04424537e-07,
        1.43706275e-05
      ],
      "rotation": [
        0.11946913599967957,
        0.25130435824394226,
        0.0938086211681366,
        0.9559153914451599
      ]
    },
    "rightShoulder": {
      "position": [
        -0.0201640911,
        0.09930704,
        0.00615278
      ],
      "rotation": [
        0.14879600703716278,
        -0.009596000425517559,
        0.032169442623853683,
        0.988298237323761
      ]
    },
    "rightUpperArm": {
      "position": [
        -0.06088206,
        -5.09776874e-05,
        6.752089e-08
      ],
      "rotation": [
        -0.10006649047136307,
        0.038754794746637344,
        0.6687887907028198,
        0.7356678247451782
      ]
    },
    "rightLowerArm": {
      "position": [
        -0.253600717,
        2.31608283e-07,
        2.942727e-09
      ],
      "rotation": [
        -0.08491931855678558,
        0.796103298664093,
        -0.5220271944999695,
        0.29410362243652344
      ]
    },
    "rightHand": {
      "position": [
        -0.2266365,
        -1.04424537e-07,
        1.43706275e-05
      ],
      "rotation": [
        0.05860111117362976,
        -0.284230500459671,
        -0.09586378186941147,
        0.9521502256393433
      ]
    },
    "leftThumbMetacarpal": {
      "position": [
        0.00292631984,
        -0.008359951,
        0.0133340014
      ],
      "rotation": [
        0.688729465007782,
        -0.19124861061573029,
        0.17152100801467896,
        0.6779802441596985
      ]
    },
    "leftThumbProximal": {
      "position": [
        0.0387900621,
        0.000113647431,
        -6.54347241e-06
      ],
      "rotation": [
        -0.029789114370942116,
        -0.1633409559726715,
        -0.6170479655265808,
        0.7692105770111084
      ]
    },
    "leftThumbDistal": {
      "position": [
        0.0238538384,
        6.887985e-05,
        -4.331592e-06
      ],
      "rotation": [
        -0.03499213978648186,
        -0.1426076889038086,
        -0.4628326892852783,
        0.8741999864578247
      ]
    },
    "leftIndexProximal": {
      "position": [
        0.0543731749,
        0.00616452657,
        0.0164190568
      ],
      "rotation": [
        -0.04012993723154068,
        -0.141975998878479,
        0.024506157264113426,
        0.9887533187866211
      ]
    },
    "leftIndexIntermediate": {
      "position": [
        0.027624039,
        -5.92339831e-08,
        -3.638879e-06
      ],
      "rotation": [
        0.01294583547860384,
        0.005070495419204235,
        -0.014596670866012573,
        0.9997974634170532
      ]
    },
    "leftIndexDistal": {
      "position": [
        0.01700817,
        -2.90103435e-06,
        -3.87871e-06
      ],
      "rotation": [
        0.012868552468717098,
        -0.005499323830008507,
        0.005272272042930126,
        0.9998890161514282
      ]
    },
    "leftMiddleProximal": {
      "position": [
        0.0551137626,
        0.006164579,
        0.00170985435
      ],