{
  "vrmMetaVersion": "0",
  "pose": {
    "hips": {
      "position": [
        -0.014694444835186005,
        0.8603945970535278,
        -0.018472634255886078
      ],
      "rotation": [
        0.06691011041402817,
        0.01932458020746708,
        -0.17778901755809784,
        0.9816011190414429
      ]
    },
    "spine": {
      "position": [
        -5.764622e-32,
        0.05709782,
        0.00532572158
      ],
      "rotation": [
        0.0063116103410720825,
        0.011037287302315235,
        0.1349325329065323,
        0.9907733798027039
      ]
    },
    "chest": {
      "position": [
        1.95257e-17,
        0.106512144,
        -0.0127132786
      ],
      "rotation": [
        -0.14041762053966522,
        -0.010029209777712822,
        0.1108073815703392,
        0.9838213324546814
      ]
    },
    "upperChest": {
      "position": [
        0.0,
        0.0,
        0.0
      ],
      "rotation": [
        0.0,
        0.0,
        0.0,
        1.0
      ]
    },
    "neck": {
      "position": [
        -8.844927e-17,
        0.124557033,
        0.00698040752
      ],
      "rotation": [
        0.2100093513727188,
        0.01779048889875412,
        -0.08571914583444595,
        0.9737721681594849
      ]
    },
    "head": {
      "position": [
        -2.29384263e-08,
        0.07178691,
        0.0003720969
      ],
      "rotation": [
        -0.05051996931433678,
        -0.026015477254986763,
        -0.10881053656339645,
        0.9924373626708984
      ]
    },
    "leftEye": {
      "position": [
        0.0,
        0.0,
        0.0
      ],
      "rotation": [
        0.0,
        0.0,
        0.0,
        1.0
      ]
    },
    "rightEye": {
      "position": [
        0.0,
        0.0,
        0.0
      ],
      "rotation": [
        0.0,
        0.0,
        0.0,
        1.0
      ]
    },
    "leftUpperLeg": {
      "position": [
        0.06946878,
        -0.03615541,
        0.0012374334
      ],
      "rotation": [
        -0.1653801053762436,
        0.095753014087677,
        0.333725243806839,
        0.9230971932411194
      ]
    },
    "leftLowerLeg": {
      "position": [
        -1.49011612e-08,
        -0.364862382,
        -5.699694e-07
      ],
      "rotation": [
        0.04857788234949112,
        -0.14654600620269775,
        -0.005015835165977478,
        0.9879976511001587
      ]
    },
    "leftFoot": {
      "position": [
        -0.000110670924,
        -0.409190476,
        0.00244229659
      ],
      "rotation": [
        -0.017438942566514015,
        -0.13705886900424957,
        -0.11712298542261124,
        0.9834596514701843
      ]
    },
    "leftToes": {
      "position": [
        0.0,
        -0.0533945672,
        0.09493692
      ],
      "rotation": [
        0.0021667054388672113,
        -6.479408121151664e-09,
        -4.751669280267379e-09,
        0.9999977946281433
      ]
    },
    "rightUpperLeg": {
      "position": [
        -0.06946878,
        -0.03615541,
        0.0012374334
      ],
      "rotation": [
        -0.10029076039791107,
        0.005828637629747391,
        0.13989678025245667,
        0.9850568175315857
      ]
    },
    "rightLowerLeg": {
      "position": [
        1.49011612e-08,
        -0.364862382,
        -5.699694e-07
      ],
      "rotation": [
        0.10806016623973846,
        -0.03452060744166374,
        0.004551171790808439,
        0.9935345649719238
      ]
    },
    "rightFoot": {
      "position": [
        0.000110670924,
        -0.409190476,
        0.00244229659
      ],
      "rotation": [
        -0.07316385209560394,
        0.004487368743866682,
        0.004970453679561615,
        0.9972975254058838
      ]
    },
    "rightToes": {
      "position": [
        0.0,
        -0.0533945672,
        0.09493692
      ],
      "rotation": [
        0.0021667794790118933,
        3.2507654901259286e-10,
        1.6874782460263305e-08,
        0.9999976754188538
      ]
    },
    "leftShoulder": {
      "position": [
        0.0201640911,
        0.09930704,
        0.00615278
      ],
      "rotation": [
        0.14964638650417328,
        0.010541302151978016,
        0.06579257547855377,
        0.9864921569824219
      ]
    },
    "leftUpperArm": {
      "position": [
        0.06088206,
        -5.09776874e-05,
        6.752089e-08
      ],
      "rotation": [
        -0.07170946151018143,
        -0.09865943342447281,
        -0.22246138751506805,
        0.9672824740409851
      ]
    },
    "leftLowerArm": {
      "position": [
        0.253600717,
        2.31608283e-07,
        2.942727e-09
      ],
      "rotation": [
        0.05771934613585472,
        -0.7232022285461426,
        0.4484308958053589,
        0.5220701098442078
      ]
    },
    "leftHand": {
      "position": [
        0.2266365,
        -1.04424537e-07,
        1.43706275e-05
      ],
      "rotation": [
        0.23304185271263123,
        0.007422236260026693,
        0.2688387930393219,
        0.9345389604568481
      ]
    },
    "rightShoulder": {
      "position": [
        -0.0201640911,
        0.09930704,
        0.00615278
      ],
      "rotation": [
        0.14940164983272552,
        -0.010326015762984753,
        -0.014901011250913143,
        0.9886106848716736
      ]
    },
    "rightUpperArm": {
      "position": [
        -0.06088206,
        -5.09776874e-05,
        6.752089e-08
      ],
      "rotation": [
        0.3312748968601227,
        0.02195347659289837,
        0.19223348796367645,
        0.923483669757843
      ]
    },
    "rightLowerArm": {
      "position": [
        -0.253600717,
        2.31608283e-07,
        2.942727e-09
      ],
      "rotation": [
        0.4122482240200043,
        0.6558809876441956,
        -0.1804252713918686,
        0.6060684323310852
      ]
    },
    "rightHand": {
      "position": [
        -0.2266365,
        -1.04424537e-07,
        1.43706275e-05
      ],
      "rotation": [
        0.3202377259731293,
        -0.06255488842725754,
        0.3130946755409241,
        0.8919118642807007
      ]
    },
    "leftThumbMetacarpal": {
      "position": [
        0.00292631984,
        -0.008359951,
        0.0133340014
      ],
      "rotation": [
        0.6802241206169128,
        -0.1373637318611145,
        0.17764201760292053,
        0.6977612376213074
      ]
    },
    "leftThumbProximal": {
      "position": [
        0.0387900621,
        0.000113647431,
        -6.54347241e-06
      ],
      "rotation": [
        -0.02921639010310173,
        -0.17965710163116455,
        -0.6717965602874756,
        0.7180253267288208
      ]
    },
    "leftThumbDistal": {
      "position": [
        0.0238538384,
        6.887985e-05,
        -4.331592e-06
      ],
      "rotation": [
        -0.03320259973406792,
        -0.0966203510761261,
        -0.2974260449409485,
        0.9492635726928711
      ]
    },
    "leftIndexProximal": {
      "position": [
        0.0543731749,
        0.00616452657,
        0.0164190568
      ],
      "rotation": [
        -0.04496699944138527,
        -0.15846125781536102,
        0.026137402281165123,
        0.9859946966171265
      ]
    },
    "leftIndexIntermediate": {
      "position": [
        0.027624039,
        -5.92339831e-08,
        -3.638879e-06
      ],
      "rotation": [
        0.012945667840540409,
        0.005070227663964033,
        -0.01459722314029932,
        0.9997971057891846
      ]
    },
    "leftIndexDistal": {
      "position": [
        0.01700817,
        -2.90103435e-06,
        -3.87871e-06
      ],
      "rotation": [
        0.012868652120232582,
        -0.005499078426510096,
        0.0052735270000994205,
        0.99988853931427
      ]
    },
    "leftMiddleProximal": {
      "position": [
        0.0551137626,
        0.006164579,
        0.00170985435
      ],