{
  "vrmMetaVersion": "0",
  "pose": {
    "hips": {
      "position": [
        -0.0008169782813638449,
        0.8987199068069458,
        0.010260485112667084
      ],
      "rotation": [
        0.06318694353103638,
        0.009307644329965115,
        0.00044603977585211396,
        0.997958242893219
      ]
    },
    "spine": {
      "position": [
        -5.764622e-32,
        0.05709782,
        0.00532572158
      ],
      "rotation": [
        0.012796993367373943,
        3.8233000099197056e-10,
        -7.166962856519632e-11,
        0.9999182224273682
      ]
    },
    "chest": {
      "position": [
        1.95257e-17,
        0.106512144,
        -0.0127132786
      ],
      "rotation": [
        -0.1702824980020523,
        0.17492231726646423,
        -0.030195439234375954,
        0.9692752361297607
      ]
    },
    "upperChest": {
      "position": [
        0.0,
        0.0,
        0.0
      ],
      "rotation": [
        0.0,
        0.0,
        0.0,
        1.0
      ]
    },
    "neck": {
      "position": [
        -8.844927e-17,
        0.124557033,
        0.00698040752
      ],
      "rotation": [
        0.22074931859970093,
        -0.15938369929790497,
        0.09422165155410767,
        0.9575954675674438
      ]
    },
    "head": {
      "position": [
        -2.29384263e-08,
        0.07178691,
        0.0003720969
      ],
      "rotation": [
        -0.05433500558137894,
        4.1378856963092403e-07,
        3.594571040821393e-08,
        0.998522937297821
      ]
    },
    "leftEye": {
      "position": [
        0.0,
        0.0,
        0.0
      ],
      "rotation": [
        0.0,
        0.0,
        0.0,
        1.0
      ]
    },
    "rightEye": {
      "position": [
        0.0,
        0.0,
        0.0
      ],
      "rotation": [
        0.0,
        0.0,
        0.0,
        1.0
      ]
    },
    "leftUpperLeg": {
      "position": [
        0.06946878,
        -0.03615541,
        0.0012374334
      ],
      "rotation": [
        -0.11229248344898224,
        -0.010396278463304043,
        -0.036348726600408554,
        0.99295574426651
      ]
    },
    "leftLowerLeg": {
      "position": [
        -1.49011612e-08,
        -0.364862382,
        -5.699694e-07
      ],
      "rotation": [
        0.022823110222816467,
        -0.000532624835614115,
        4.7970403102226555e-05,
        0.999739408493042
      ]
    },
    "leftFoot": {
      "position": [
        -0.000110670924,
        -0.409190476,
        0.00244229659
      ],
      "rotation": [
        0.037709929049015045,
        -1.2750775795211666e-06,
        0.056639499962329865,
        0.9976825714111328
      ]
    },
    "leftToes": {
      "position": [
        0.0,
        -0.0533945672,
        0.09493692
      ],
      "rotation": [
        0.0021666979882866144,
        8.824848490851522e-11,
        1.4377238066742848e-08,
        0.9999978542327881
      ]
    },
    "rightUpperLeg": {
      "position": [
        -0.06946878,
        -0.03615541,
        0.0012374334
      ],
      "rotation": [
        0.06724955886602402,
        0.005556367803364992,
        0.021281136199831963,
        0.9974939227104187
      ]
    },
    "rightLowerLeg": {
      "position": [
        1.49011612e-08,
        -0.364862382,
        -5.699694e-07
      ],
      "rotation": [
        0.022823398932814598,
        0.0005499915569089353,
        -4.699177588918246e-05,
        0.9997395873069763
      ]
    },
    "rightFoot": {
      "position": [
        0.000110670924,
        -0.409190476,
        0.00244229659
      ],
      "rotation": [
        -0.030537301674485207,
        0.0020929332822561264,
        0.00050101347733289,
        0.9995315074920654
      ]
    },
    "rightToes": {
      "position": [
        0.0,
        -0.0533945672,
        0.09493692
      ],
      "rotation": [
        0.0021666816901415586,
        -2.104801666291678e-09,
        -3.408484605671447e-09,
        0.9999979734420776
      ]
    },
    "leftShoulder": {
      "position": [
        0.0201640911,
        0.09930704,
        0.00615278
      ],
      "rotation": [
        0.1481751799583435,
        0.010489285923540592,
        -0.0698310136795044,
        0.9864369034767151
      ]
    },
    "leftUpperArm": {
      "position": [
        0.06088206,
        -5.09776874e-05,
        6.752089e-08
      ],
      "rotation": [
        0.14715078473091125,
        0.020029038190841675,
        -0.4212869107723236,
        0.8946859836578369
      ]
    },
    "leftLowerArm": {
      "position": [
        0.253600717,
        2.31608283e-07,
        2.942727e-09
      ],
      "rotation": [
        -0.017606468871235847,
        -0.019793925806879997,
        0.0037070049438625574,
        0.9996422529220581
      ]
    },
    "leftHand": {
      "position": [
        0.2266365,
        -1.04424537e-07,
        1.43706275e-05
      ],
      "rotation": [
        -0.004542235285043716,
        0.00024998505250550807,
        0.0012143418425694108,
        0.9999889731407166
      ]
    },
    "rightShoulder": {
      "position": [
        -0.0201640911,
        0.09930704,
        0.00615278
      ],
      "rotation": [
        0.1481751948595047,
        -0.01048946101218462,
        0.06983082741498947,
        0.9864369630813599
      ]
    },
    "rightUpperArm": {
      "position": [
        -0.06088206,
        -5.09776874e-05,
        6.752089e-08
      ],
      "rotation": [
        -0.17466676235198975,
        -0.043572958558797836,
        0.5581804513931274,
        0.8099552392959595
      ]
    },
    "rightLowerArm": {
      "position": [
        -0.253600717,
        2.31608283e-07,
        2.942727e-09
      ],
      "rotation": [
        -0.18202511966228485,
        0.7272003889083862,
        -0.4788377285003662,
        0.4569036066532135
      ]
    },
    "rightHand": {
      "position": [
        -0.2266365,
        -1.04424537e-07,
        1.43706275e-05
      ],
      "rotation": [
        0.013409754261374474,
        -0.0001923664822243154,
        -0.0008713827701285481,
        0.9999096989631653
      ]
    },
    "leftThumbMetacarpal": {
      "position": [
        0.00292631984,
        -0.008359951,
        0.0133340014
      ],
      "rotation": [
        0.5920907855033875,
        -0.37463682889938354,
        0.35247451066970825,
        0.6203530430793762
      ]
    },
    "leftThumbProximal": {
      "position": [
        0.0387900621,
        0.000113647431,
        -6.54347241e-06
      ],
      "rotation": [
        -0.028432955965399742,
        -0.01768863946199417,
        -0.1157543733716011,
        0.9927135109901428
      ]
    },
    "leftThumbDistal": {
      "position": [
        0.0238538384,
        6.887985e-05,
        -4.331592e-06
      ],
      "rotation": [
        -0.028840042650699615,
        -0.027955593541264534,
        -0.053331393748521805,
        0.9977692365646362
      ]
    },
    "leftIndexProximal": {
      "position": [
        0.0543731749,
        0.00616452657,
        0.0164190568
      ],
      "rotation": [
        -0.02290773205459118,
        -0.14443907141685486,
        -0.12321583181619644,
        0.981545090675354
      ]
    },
    "leftIndexIntermediate": {
      "position": [
        0.027624039,
        -5.92339831e-08,
        -3.638879e-06
      ],
      "rotation": [
        0.011240319348871708,
        -0.025646407157182693,
        -0.20061172544956207,
        0.9792708158493042
      ]
    },
    "leftIndexDistal": {
      "position": [
        0.01700817,
        -2.90103435e-06,
        -3.87871e-06
      ],
      "rotation": [
        0.013012005016207695,
        -0.03737611696124077,
        -0.18923421204090118,
        0.9811344146728516
      ]
    },
    "leftMiddleProximal": {
      "position": [
        0.0551137626,
        0.006164579,
        0.00170985435
      ],